depth	d18O
0.18	-32.72
0.21	-35.45
0.241	-39.35
0.272	-41.66
0.303	-40.88
0.334	-37.87
0.365	-35.48
0.396	-33.63
0.435	-28.84
0.455	-29.48
0.475	-33.16
0.495	-38.76
0.525	-41.4852
0.555	-42.49
0.59	-42.44
0.625	-41.5639
0.66	-41.5
0.695	-40.15
0.73	-37.68
0.765	-34.27
0.8	-31.2125
0.82	-30.25
0.84	-29.51
0.86	-28.1489
0.88	-27.46
0.9	-27.86
0.92	-28.62
0.939999999999999	-29.37
1	-31.8699
1.035	-32.31
1.07	-31.99
1.105	-30.14
1.14	-28.3817
1.175	-28.76
1.21	-29.62
1.245	-31
1.28	-33.29
1.315	-35.56
1.35	-36.8327
1.385	-37.67
1.42	-35.02
1.455	-33.07
1.49	-31.29
1.525	-31.42
1.56	-31.35
1.595	-31.35
1.63	-30.908
1.665	-31.47
1.7	-32.14
1.735	-32.93
1.77	-34.61
1.805	-37.17
1.84	-39.87
1.875	-40.56
1.91	-40.38
2	-37.65
2.02787878787878	-36.26
2.05575757575757	-34.58
2.08363636363636	-32.84
2.11151515151515	-31.67
2.13939393939393	-30.94
2.16727272727272	-30.71
2.19515151515151	-31.67
2.2230303030303	-33.3
2.25090909090909	-34.29
2.27878787878787	-35.44
2.30666666666666	-35.54
2.33454545454545	-36
2.36242424242424	-35.71
2.39030303030303	-34.78
2.41818181818181	-33.38
2.4460606060606	-31.78
2.47393939393939	-29.71
2.50181818181818	-29.54
2.52969696969696	-29.94
2.55757575757575	-31.61
2.58545454545454	-32.79
2.61333333333333	-32.96
2.64121212121212	-33.31
2.6690909090909	-33.11
2.69696969696969	-33.545
2.72484848484848	-33.98
2.75272727272727	-34.41
2.78060606060606	-34.39
2.80848484848484	-34.19
2.83636363636363	-33.56
2.86424242424242	-32.4
2.89212121212121	-31.96
3	-35.28
3.02	-34.35
3.045	-36.27
3.07	-36.95
3.095	-37.86
3.12	-38.3
3.145	-38.97
3.17	-39.42
3.195	-39.52
3.22	-39.13
3.245	-38.04
3.27	-36.56
3.295	-34.78
3.315	-32.95
3.34	-31.6
3.365	-30.66
3.39	-30.22
3.415	-29.84
3.44	-29.86
3.465	-30.34
3.49	-30.6
3.515	-30.94
3.54	-31.28
3.565	-31.84
3.59	-32.41
3.615	-33.15
3.64	-33.71
3.665	-34.27
3.69	-34.21
3.715	-34.5
3.74	-34.42
3.765	-34.26
3.79	-33.173
3.815	-32.83
3.84	-32.26
3.865	-31.64
3.89	-30.97
3.915	-30.71
3.94	-30.47
3.965	-30.23
4	-30.47
4.02	-29.96
4.04	-29.3
4.06	-28.94
4.08	-29.04
4.105	-29.54
4.13	-30.46
4.155	-31.61
4.18	-33.09
4.205	-34.13
4.23	-34.63
4.255	-34.82
4.28	-34.14
4.305	-33.49
4.33	-32.93
4.355	-32.25
4.38	-31.57
4.405	-31.26
4.43	-30.99
4.455	-30.66
4.48	-30.89
4.505	-31.12
4.53	-32.24
4.555	-32.9
4.58	-33.92
4.605	-34.575
4.63	-35.23
4.655	-35.96
4.68	-36.35
4.705	-36.74
4.73	-36.74
4.755	-36.46
4.78	-36.14
4.805	-35.46
4.83	-34.42
4.855	-33.28
4.88	-32.51
4.905	-31.84
4.93	-31.46
4.955	-30.99
4.98	-30.71
5	-29.7
5.025	-29.52
5.05	-29.51
5.075	-29.68
5.1	-29.9
5.12	-30.4
5.14	-31.07
5.16	-32
5.18	-32.96
5.2	-33.68
5.22	-34.48
5.24	-34.96
5.26	-35.11
5.28	-34.93
5.3	-34.48
5.32	-34.08
5.34	-33.53
5.36	-32.8
5.38	-32.33
5.4	-31.6
5.42	-31.34
5.44	-31.17
5.46	-31
5.48	-31.33
5.5	-31.81
5.52	-32.29
5.54	-33.08
5.56	-33.77
5.58	-34.41
5.6	-34.88
5.62	-35.11
5.64	-34.95
5.66	-35.16
5.68	-34.76
5.7	-33.66
5.72	-34.23
5.74	-33.25
5.76	-32.86
5.78	-32.47
5.8	-32.66
5.82	-32.93
5.84	-33.58
5.86	-34.43
5.88	-35.38
5.9	-36.14
5.92	-36.79
5.94	-37.14
5.96	-37.25
5.98	-36.99
6	-35.81
6.0175	-35.16
6.035	-34.96
6.0525	-34.42
6.07	-34.03
6.0875	-33.69
6.105	-33.42
6.1225	-33.24
6.14	-33.38
6.1575	-33.67
6.175	-33.4703
6.1925	-34.13
6.21	-34.41
6.2275	-34.6
6.245	-34.71
6.2625	-34.1915
6.28	-34.31
6.2975	-34.29
6.315	-34.17
6.3325	-33.97
6.35	-33.59
6.3675	-33.05
6.385	-32.81
6.4025	-32.43
6.42	-32.03
6.4375	-31.51
6.455	-31.1
6.4725	-30.4704
6.49	-30.64
6.5075	-30.51
6.525	-30.65
6.5425	-30.9161
6.56	-31.8
6.5775	-32.44
6.595	-32.6751
6.6125	-33.4605
6.63	-34.49
6.6475	-35.04
6.665	-35.33
6.6825	-35.5
6.7	-35.0618
6.7175	-35.18
6.735	-34.96
6.7525	-34.0477
6.77	-33.5279
6.7875	-33.61
6.805	-33.32
6.8225	-32.8161
6.84	-32.98
6.8575	-32.7871
6.875	-33.44
6.8925	-33.99
6.91	-34.7
6.9275	-35.55
6.945	-36.36
6.9625	-36.204
7	-38.54
7.02	-38.71
7.035	-38.89
7.05	-38.6
7.065	-38.11
7.08	-37.48
7.095	-36.56
7.11	-35.89
7.125	-34.95
7.14	-34.23
7.155	-33.91
7.17	-33.59
7.185	-33.6621
7.2	-33.5697
7.215	-34.1
7.23	-34.6129
7.245	-35.12
7.26	-35.58
7.275	-35.9048
7.29	-36.5164
7.305	-37.32
7.32	-37.2202
7.335	-37.58
7.35	-37.6981
7.365	-37.7709
7.38	-37.7923
7.395	-37.8137
7.41	-38.02
7.425	-37.75
7.44	-37.22
7.455	-36.966
7.47	-35.61
7.485	-35.41
7.5	-34.61
7.52	-33.8
7.54	-33.2
7.56	-32.56
7.58	-31.8
7.6	-31.44
7.62	-31.61
7.64	-31.54
7.66	-31.81
7.68	-32.18
7.7	-32.82
7.72	-33.46
7.74	-33.72
7.76	-34.31
7.78	-34.71
7.8	-34.685
7.82	-34.66
7.84	-34.29
7.86	-33.94
7.88	-33.7
7.9	-33.01
7.92	-32.88
7.94	-32.77
7.96	-32.7
7.98	-32.75
8	-33.19
8.02	-33.62
8.03999999999999	-33.55
8.06	-33.95
8.08	-34.36
8.1	-34.79
8.11999999999999	-34.95
8.14	-35.29
8.16	-35.4
8.18	-35.54
8.19999999999999	-35.45
8.22	-35.35
8.24	-35.07
8.26	-34.74
8.27999999999999	-33.92
8.3	-33.65
8.32	-33.18
8.34	-32.68
8.35999999999999	-32.22
8.38	-31.87
8.4	-31.6
8.42	-31.19
8.44	-31.07
8.46	-30.9
8.48	-30.91
8.5	-30.99
8.52	-31.17
8.53999999999999	-31.51
8.56	-31.93
8.58	-32.55
8.595	-33.06
8.60999999999999	-33.87
8.625	-35.74
8.64	-36.51
8.65499999999999	-37.13
8.67	-37.32
8.685	-37.48
8.69999999999999	-37.31
8.715	-36.81
8.73	-36.3
8.74499999999999	-35.57
8.76	-34.71
8.775	-33.92
8.78999999999999	-33.12
8.805	-32.42
8.82	-31.84
8.835	-31.37
8.85	-30.93
8.865	-30.95
8.88	-30.89
8.895	-31.03
8.91	-31.13
8.925	-31.22
8.94	-32.01
8.955	-32.49
8.97	-32.95
8.98499999999999	-33.61
9	-34.91
9.02	-35.33
9.035	-35.68
9.05	-35.88
9.065	-36.01
9.08	-35.95
9.095	-35.71
9.10999999999999	-35.11
9.125	-34.6632
9.14	-34.22
9.15499999999999	-33.65
9.17	-33.1809
9.185	-32.42
9.19999999999999	-31.67
9.215	-31.44
9.23	-31.07
9.24499999999999	-30.97
9.26	-30.9996
9.275	-31.15
9.28999999999999	-31.37
9.305	-31.9
9.32	-32.66
9.335	-33.5
9.35	-34.12
9.365	-34.82
9.38	-35.26
9.395	-35.6
9.41	-35.66
9.425	-35.53
9.44	-35.39
9.455	-35.12
9.47	-34.74
9.48499999999999	-34.1959
9.5	-33.64795
9.515	-33.1
9.52999999999999	-32.7772
9.545	-32.4439
9.56	-31.7151
9.57499999999999	-31.437
9.59	-31.57
9.605	-31.46
9.61999999999999	-31.39
9.635	-31.45
9.65	-31.51
9.66499999999999	-31.62
9.68	-31.2614
9.69999999999999	-31.7757
9.72	-32.29
9.74	-32.56
9.76	-32.65
9.77999999999999	-33.1934
9.8	-33.38
9.82	-33.8634
9.84	-34.132
9.85999999999999	-34.0865
9.88	-34.55
9.9	-34.6928
9.92	-34.7424
9.94	-34.2875
9.96	-34.1971
9.98	-34.1521
10	-33.7921
10.02	-33.2881
10.04	-33.3253
10.06	-33.1495
10.08	-33.1221
10.1	-32.9684
10.12	-33.4642
10.14	-33.7347
10.16	-34.3859
10.175	-34.8221
10.19	-35.641
10.205	-36.3395
10.22	-36.7627
10.235	-37.2028
10.25	-37.4723
10.265	-37.6715
10.28	-37.352
10.295	-37.4703
10.31	-37.1379
10.325	-36.5057
10.34	-35.7883
10.355	-34.7495
10.37	-34.2205
10.385	-33.3725
10.4	-32.4728
10.415	-31.4885
10.43	-30.7124
10.445	-30.0092
10.46	-29.0721
10.475	-29.1985
10.49	-29.3249
10.505	-30.4688
10.52	-30.6653
10.535	-31.2719
10.55	-31.7781
10.565	-32.3314
10.58	-32.7615
10.595	-33.2326
10.61	-33.7663
10.625	-34.2715
10.64	-34.6484
10.655	-34.9986
10.67	-35.346
10.685	-35.5559
10.7	-35.7753
10.715	-35.8436
10.73	-35.8783
10.745	-35.8819
10.76	-35.7534
10.775	-35.6039
10.79	-35.5347
10.805	-35.3787
10.82	-35.2737
10.835	-35.1473
10.85	-35.1358
10.865	-35.1927
10.88	-35.1739
10.895	-35.53915
10.91	-35.9044
10.925	-36.3046
10.94	-36.7802
10.955	-37.3019
10.97	-37.5157
10.985	-38.6441
11	-38.9646
11.02	-39.0917
11.035	-39.2127
11.05	-38.9197
11.065	-38.7384
11.08	-38.5074
11.095	-37.9155
11.11	-37.3141
11.125	-36.4871
11.14	-36.0602
11.155	-35.465
11.17	-34.7328
11.185	-34.2032
11.2	-33.5829
11.215	-33.2322
11.23	-32.9034
11.245	-32.7757
11.26	-32.5993
11.275	-32.7525
11.29	-32.7016
11.305	-33.2177
11.32	-33.6413
11.335	-34.1033
11.35	-34.3885
11.365	-35.0329
11.38	-35.3817
11.395	-35.814
11.41	-36.0195
11.425	-36.3902
11.44	-36.5638
11.455	-36.5011
11.47	-36.4965
11.485	-36.007
11.5	-35.807
11.515	-35.3256
11.53	-34.6738
11.545	-34.3298
11.56	-32.7746
11.575	-32.3379
11.59	-32.0152
11.605	-31.4386
11.62	-30.8669
11.635	-30.2906
11.65	-30.5249
11.665	-30.3078
11.68	-30.3353
11.695	-30.3324
11.71	-30.501
11.725	-30.7231
11.74	-30.8998
11.755	-31.1603
11.77	-31.5825
11.785	-31.7974
11.8	-32.3954
11.815	-32.669
11.83	-32.9983
11.845	-33.1486
11.86	-33.3648
11.875	-33.4185
11.89	-33.3539
11.9	-33.2266
11.91	-33.0349
11.92	-32.8841
11.93	-32.6423
11.94	-32.466
11.95	-32.2474
11.96	-32.0101
11.97	-31.771
11.98	-31.5518
11.99	-31.7564
12	-31.8508
12.02	-32.1675
12.035	-32.4426
12.05	-32.6692
12.065	-33.0136
12.08	-33.2754
12.095	-33.7145
12.11	-34.4854
12.125	-34.9259
12.14	-35.7308
12.155	-36.0549
12.17	-36.6811
12.185	-36.944
12.2	-37.5394
12.215	-37.6638
12.23	-37.7777
12.245	-37.6877
12.26	-37.343
12.275	-37.0854
12.29	-36.5964
12.305	-36.127
12.32	-35.6298
12.335	-35.1122
12.35	-34.3352
12.365	-33.999
12.38	-33.4995
12.395	-33.0493
12.41	-32.4993
12.425	-32.2703
12.44	-32.0166
12.455	-31.7781
12.47	-31.7848
12.485	-31.8307
12.5	-31.8671
12.515	-31.9995
12.53	-32.3295
12.545	-32.8488
12.56	-33.2925
12.575	-33.6412
12.59	-34.161
12.605	-34.7835
12.62	-35.08
12.635	-35.0417
12.65	-35.1834
12.665	-35.0632
12.68	-34.5956
12.695	-34.383
12.71	-33.7108
12.725	-34.0838
12.74	-32.3998
12.755	-31.8581
12.77	-31.6615
12.785	-31.1809
12.8	-31.1198
12.815	-30.7963
12.83	-30.949
12.845	-30.5729
12.86	-31.2691
12.875	-31.0078
12.89	-31.4698
12.9	-31.9686
12.91	-32.4647
12.92	-33.1328
12.93	-33.697
12.94	-34.2162
12.95	-34.8306
12.96	-35.3095
12.97	-35.4547
12.98	-35.2214
12.99	-35.1879
13	-35.4364
13.02	-35.1235
13.04	-34.5929
13.06	-34.5208
13.08	-34.4243
13.1	-33.8571
13.12	-34.151
13.14	-33.4846
13.16	-33.8184
13.18	-33.7514
13.2	-33.3599
13.22	-33.453
13.24	-33.4015
13.26	-33.9293
13.28	-34.0829
13.3	-34.3135
13.32	-34.7252
13.34	-34.8548
13.36	-35.4022
13.38	-35.2944
13.4	-35.6143
13.42	-35.5999
13.44	-36.3249
13.46	-36.1235
13.48	-35.8483
13.5	-36.2946
13.52	-35.644
13.54	-35.8552
13.56	-35.4391
13.58	-35.5143
13.59	-34.7393
13.6	-35.0071
13.61	-34.3917
13.62	-33.9976
13.63	-33.9953
13.64	-33.7522
13.65	-33.8625
13.66	-34.0755
13.67	-34.079
13.68	-33.8801
13.69	-33.9527
13.7	-34.0371
13.71	-34.2168
13.72	-34.194
13.73	-34.0669
13.74	-34.2322
13.75	-34.5037
13.76	-34.1554
13.77	-34.6451
13.78	-34.3289
13.79	-34.659
13.8	-34.6096
13.81	-34.7098
13.82	-34.6086
13.83	-34.6615
13.84	-34.405
13.85	-34.3568
13.86	-34.3269
13.87	-34.17345
13.88	-34.02
13.89	-34.0768
13.9	-33.8246
13.91	-33.7522
13.92	-33.7124
13.93	-33.7628
13.94	-33.7726
13.95	-33.7147
13.96	-33.7609
13.97	-33.6896
13.98	-33.881
13.99	-33.6904
14	-33.599
14.02	-33.465
14.035	-33.4388
14.05	-33.2411
14.065	-33.1502
14.08	-33.1044
14.095	-33.018
14.11	-32.9633
14.125	-32.9873
14.14	-32.8524
14.155	-33.026
14.17	-33.0949
14.185	-33.3045
14.2	-33.2571
14.215	-33.6031
14.23	-32.833
14.245	-33.613
14.26	-33.3538
14.275	-33.3749
14.29	-33.2041
14.305	-33.243
14.32	-32.5324
14.335	-32.2022
14.35	-31.8582
14.365	-31.5762
14.38	-31.1401
14.395	-30.7397
14.407	-30.4573
14.419	-30.2284
14.431	-29.9708
14.443	-29.8369
14.455	-29.8093
14.467	-29.9354
14.479	-29.8189
14.491	-29.9626
14.503	-30.1187
14.515	-30.4761
14.527	-30.7163
14.539	-30.7341
14.551	-31.11
14.563	-31.2228
14.575	-31.3235
14.587	-31.539
14.599	-31.761
14.611	-31.6611
14.623	-31.7162
14.635	-31.5543
14.647	-31.6811
14.659	-31.563
14.671	-31.563
14.683	-31.5857
14.695	-32.0129
14.707	-32.1575
14.719	-32.3021
14.731	-32.5868
14.743	-32.8110499999999
14.755	-33.0353
14.767	-33.5383
14.779	-33.9475
14.791	-34.2179
14.803	-34.48925
14.815	-34.7606
14.827	-34.895
14.839	-35.1528
14.851	-35.3247
14.863	-35.447
14.875	-35.5693
14.887	-35.6358
14.899	-35.6272
14.911	-35.8798
14.923	-36.074
14.935	-36.3644
14.947	-36.6548
14.959	-36.796
14.971	-36.996
14.983	-37.5105
15	-38.6411
15.02	-38.9588
15.032	-39.125
15.044	-39.345
15.056	-39.642
15.068	-39.849
15.08	-40.009
15.092	-40.2404
15.104	-40.1052
15.116	-39.813
15.128	-39.653
15.14	-39.4107
15.152	-39.006
15.164	-38.6518
15.176	-38.11
15.188	-37.4656
15.2	-36.8323
15.212	-36.4565
15.224	-35.8303
15.236	-35.2789
15.248	-34.934
15.26	-34.554
15.272	-34.204
15.284	-33.9133
15.296	-33.659
15.308	-33.5247
15.32	-33.4684
15.332	-33.3469
15.344	-33.2254
15.356	-33.3867
15.368	-33.503
15.38	-33.502
15.392	-33.471
15.404	-33.5065
15.416	-33.741
15.428	-33.76
15.44	-33.691
15.452	-33.7301
15.464	-33.636
15.476	-33.5285
15.488	-33.421
15.5	-33.459
15.512	-33.517
15.524	-33.4254
15.536	-33.407
15.548	-33.416
15.56	-33.554
15.572	-33.6796
15.584	-33.7954
15.596	-33.934
15.608	-34.111
15.62	-34.31
15.632	-34.8038
15.644	-35.0323
15.656	-35.376
15.668	-35.681
15.68	-36.1396
15.692	-36.319
15.704	-36.455
15.716	-36.8115
15.727	-36.836
15.738	-36.901
15.749	-36.844
15.76	-36.8015
15.771	-36.49
15.782	-36.241
15.793	-35.912
15.804	-35.574
15.815	-35.2484
15.826	-34.823
15.837	-34.442
15.848	-33.927
15.859	-33.6522
15.87	-33.34
15.881	-33.059
15.892	-32.841
15.903	-32.6457
15.914	-32.4733
15.925	-32.299
15.936	-32.206
15.947	-32.161
15.958	-32.264
15.969	-32.108
15.98	-32.3533
15.99	-32.516
16	-33.246
16.012	-33.491
16.024	-33.757
16.036	-34.057
16.048	-34.361
16.06	-34.722
16.072	-35.013
16.084	-35.279
16.096	-35.481
16.108	-35.797
16.12	-35.557
16.132	-35.878
16.144	-36.033
16.156	-35.953
16.168	-35.757
16.18	-35.539
16.192	-35.292
16.204	-34.923
16.216	-34.677
16.228	-34.22
16.24	-33.683
16.252	-33.254
16.264	-32.4795
16.276	-32.327
16.288	-31.855
16.3	-31.522
16.312	-31.094
16.324	-30.896
16.336	-30.641
16.348	-30.411
16.36	-30.025
16.372	-30.236
16.384	-30.262
16.396	-30.269
16.408	-30.542
16.42	-30.742
16.432	-30.965
16.444	-31.29
16.456	-31.62
16.468	-31.875
16.48	-32.187
16.492	-32.413
16.504	-32.536
16.516	-32.734
16.528	-32.848
16.54	-32.864
16.553	-32.88
16.566	-32.516
16.579	-32.556
16.592	-32.796
16.605	-32.647
16.618	-32.382
16.631	-32.248
16.644	-32.549
16.657	-32.218
16.67	-32.425
16.683	-32.221
16.696	-32.543
16.709	-32.51
16.722	-32.698
16.735	-32.429
16.748	-32.684
16.76	-32.96
16.772	-33.051
16.784	-32.891
16.796	-33.082
16.808	-32.759
16.82	-32.7415
16.832	-32.724
16.844	-32.185
16.856	-31.878
16.868	-31.626
16.88	-31.439
16.892	-30.815
16.904	-29.904
16.916	-30.245
16.928	-29.634
16.94	-29.482
16.952	-29.012
16.964	-28.9555
16.976	-28.899
16.988	-28.78
17	-28.793
17.012	-28.848
17.025	-29.14
17.038	-29.39
17.051	-29.615
17.064	-29.848
17.077	-30.498
17.09	-30.751
17.103	-30.993
17.116	-31.781
17.129	-32.024
17.142	-32.427
17.155	-33.009
17.168	-33.49
17.181	-33.646
17.193	-34.175
17.205	-34.345
17.217	-34.292
17.229	-34.595
17.241	-34.662
17.253	-34.5625
17.265	-34.463
17.277	-34.348
17.289	-33.634
17.301	-33.768
17.313	-33.601
17.325	-33.3325
17.337	-33.064
17.349	-32.797
17.361	-32.277
17.373	-31.916
17.385	-31.9603333333333
17.397	-32.0046666666666
17.409	-32.049
17.421	-32.0115
17.433	-31.974
17.445	-31.703
17.457	-31.999
17.469	-31.975
17.481	-31.887
17.493	-32.111
17.505	-32.195
17.517	-32.217
17.529	-31.18
17.541	-32.093
17.553	-31.693
17.565	-31.7269
17.577	-31.7218
17.589	-31.7167
17.601	-31.6624
17.613	-31.699
17.625	-31.965
17.637	-31.72
17.649	-31.935
17.661	-31.9907
17.673	-32.1041
17.685	-32.3404
17.697	-32.7092
17.709	-33.078
17.721	-33.424
17.733	-33.77
17.745	-33.843
17.757	-34.1072
17.769	-34.3717
17.781	-34.5280666666666
17.793	-34.6844333333333
17.805	-34.8408
17.817	-34.8009
17.829	-34.969
17.841	-34.57
17.853	-34.3381
17.865	-34.435
17.877	-33.386
17.889	-33.6823333333333
17.901	-33.9786666666666
17.913	-34.275
17.925	-33.224
17.937	-32.845
17.949	-32.917
17.961	-32.989
17.974	-33.0778333333333
17.987	-33.1666666666666
18	-33.2555
18.014	-33.4057
18.028	-33.206
18.042	-33.936
18.056	-34.666
18.07	-34.786
18.084	-35.09
18.098	-35.394
18.112	-35.62605
18.126	-35.8581
18.14	-36.2
18.154	-35.9305
18.168	-36.021
18.182	-36.246
18.196	-35.9606
18.21	-35.8549
18.224	-35.7966
18.238	-35.951
18.252	-35.608
18.266	-35.685
18.28	-35.512
18.294	-35.3292
18.308	-35.2841
18.322	-35.494
18.336	-35.2567
18.35	-34.883
18.364	-35.796
18.378	-35.904
18.392	-35.7977
18.406	-36.082
18.42	-36.0192
18.434	-35.9515
18.448	-35.9486
18.462	-35.946
18.476	-35.791
18.49	-35.318
18.504	-35.445
18.518	-35.1165
18.532	-34.788
18.546	-34.359
18.56	-33.9817
18.574	-33.868
18.588	-33.54
18.602	-33.34
18.616	-33.397
18.63	-33.07
18.644	-33.152
18.658	-32.913
18.672	-32.912
18.686	-32.909
18.7	-32.76
18.714	-32.691
18.728	-32.709
18.742	-32.74
18.756	-32.588
18.77	-32.533
18.784	-32.251
18.798	-32.299
18.812	-32.277
18.826	-32.271
18.84	-32.403
18.854	-32.616
18.868	-32.84
18.882	-33.03
18.896	-33.376
18.91	-33.683
18.925	-34.323
18.94	-34.4683
18.955	-35.212
18.97	-35.53
18.985	-35.483
19	-35.938
19.013	-36.368
19.026	-36.698
19.039	-36.857
19.052	-37.03
19.065	-37.258
19.078	-37.109
19.091	-37.167
19.104	-37.059
19.117	-37.061
19.13	-36.849
19.143	-36.671
19.156	-36.211
19.169	-35.9394
19.182	-35.812
19.195	-35.55
19.208	-35.341
19.221	-35.137
19.234	-35.002
19.247	-34.852
19.26	-34.695
19.273	-34.783
19.286	-34.705
19.299	-34.821
19.312	-34.871
19.325	-34.949
19.338	-35.107
19.351	-35.141
19.364	-35.2425
19.377	-35.344
19.39	-35.239
19.403	-35.162
19.416	-35.189
19.429	-34.944
19.442	-34.701
19.455	-34.686
19.468	-34.653
19.481	-34.347
19.494	-34.255
19.507	-34.122
19.52	-34.1
19.533	-33.973
19.546	-33.971
19.559	-34.144
19.572	-34.472
19.585	-34.228
19.598	-34.576
19.611	-34.746
19.624	-34.793
19.637	-35.107
19.65	-35.0556
19.663	-35.222
19.676	-35.414
19.689	-35.328
19.702	-35.513
19.715	-35.697
19.728	-35.656
19.741	-35.798
19.754	-36.07
19.767	-36.015
19.78	-35.999
19.793	-36.126
19.806	-36.273
19.819	-36.232
19.832	-36.183
19.846	-36.072
19.86	-35.891
19.874	-35.839
19.888	-35.695
19.902	-35.442
19.916	-35.117
19.93	-34.938
19.944	-34.683
19.958	-34.259
19.972	-33.93
19.986	-33.575
20	-33.827
20.012	-33.976
20.024	-33.759
20.036	-33.642
20.048	-33.753
20.06	-33.988
20.072	-33.791
20.084	-33.947
20.096	-34.327
20.108	-34.431
20.12	-34.487
20.132	-34.7446
20.144	-34.687
20.156	-34.678
20.168	-34.735
20.18	-34.662
20.192	-34.64
20.204	-34.417
20.216	-34.395
20.228	-34.277
20.24	-34.111
20.252	-33.94
20.264	-33.769
20.276	-33.153
20.288	-33.238
20.3	-33.206
20.312	-33.082
20.324	-33.119
20.336	-33.193
20.348	-33.267
20.36	-33.399
20.372	-33.492
20.384	-33.728
20.396	-33.801
20.408	-34.128
20.42	-34.222
20.432	-34.608
20.444	-34.613
20.456	-34.822
20.468	-35.046
20.48	-35.27
20.492	-35.401
20.504	-35.543
20.516	-35.616
20.528	-35.514
20.54	-35.659
20.552	-35.596
20.564	-35.533
20.576	-35.486
20.588	-35.364
20.6	-35.304
20.612	-35.142
20.624	-34.949
20.636	-34.36
20.648	-34.807
20.659	-34.385
20.67	-34.274
20.681	-34.137
20.692	-34.056
20.703	-33.946
20.714	-33.817
20.725	-33.721
20.736	-33.694
20.747	-33.6011
20.758	-33.636
20.769	-33.673
20.78	-33.645
20.791	-33.717
20.802	-33.7
20.813	-33.703
20.824	-33.586
20.835	-33.726
20.846	-33.537
20.857	-33.406
20.868	-33.295
20.879	-33.011
20.89	-33.1133
20.901	-32.82465
20.912	-32.536
20.923	-32.132
20.934	-31.982
20.945	-31.593
20.956	-31.302
20.967	-31.055
20.978	-30.847
20.989	-30.659
21	-29.838
21.011	-29.6457
21.022	-29.4873
21.033	-29.2096
21.044	-29.1437
21.055	-29.6002
21.066	-29.37095
21.077	-29.1417
21.088	-29.1488
21.099	-29.646
21.11	-30.1432
21.121	-30.6899
21.132	-30.8891
21.143	-31.0564
21.154	-31.3046
21.165	-31.5708
21.176	-31.3632
21.187	-32.0565
21.198	-32.3169
21.209	-32.5293
21.22	-32.4112
21.232	-32.5018
21.244	-33.1544
21.256	-32.8692
21.268	-33.1145
21.28	-33.1499
21.292	-33.4551
21.304	-33.6576
21.316	-33.6375
21.328	-33.7371
21.34	-33.7227
21.352	-33.74
21.364	-33.7521
21.376	-33.8451
21.388	-33.7197
21.4	-33.7965
21.412	-33.8321
21.424	-33.8962
21.436	-33.4522
21.448	-33.9016
21.46	-33.3411
21.472	-33.9884
21.484	-33.9758
21.496	-33.6142
21.508	-33.6284
21.52	-34.0506
21.532	-34.0812
21.544	-34.1534
21.556	-34.2787
21.568	-33.7502
21.58	-34.2088
21.592	-34.25
21.604	-33.8496
21.616	-34.3275
21.628	-34.0394
21.64	-34.5276
21.652	-34.5871
21.664	-34.394
21.676	-34.485
21.688	-34.6852
21.7	-35.1217
21.712	-35.4529
21.724	-35.6063
21.736	-35.6877
21.748	-35.7512
21.76	-35.8617
21.772	-35.3943
21.784	-35.8243
21.796	-35.775
21.808	-35.2935
21.82	-35.592
21.832	-35.41
21.844	-34.8859
21.856	-35.0375
21.868	-34.7947
21.88	-34.7191
21.892	-34.551
21.904	-34.0133
21.916	-34.2181
21.928	-33.735
21.94	-33.8019
21.952	-33.8162
21.964	-33.7273
21.976	-33.7878
21.988	-33.7622
22	-33.8229
22.012	-33.8544
22.024	-33.8343
22.036	-33.933
22.048	-33.4315
22.06	-33.9849
22.072	-33.9164
22.084	-33.4933
22.096	-33.8113
22.108	-33.9014
22.12	-33.8785
22.132	-33.8879
22.144	-33.7532
22.156	-33.7073
22.168	-33.7184
22.18	-33.5934
22.192	-33.6855
22.204	-33.5647
22.216	-33.5731
22.228	-33.5958
22.24	-33.6774
22.252	-33.6901
22.264	-33.7902
22.276	-33.3233
22.288	-33.8695
22.3	-33.9082
22.312	-33.908
22.324	-33.9882
22.336	-33.9621
22.348	-33.5159
22.36	-33.6352
22.372	-33.5538
22.384	-33.5363
22.396	-33.4306
22.408	-33.4161
22.42	-33.4061
22.432	-33.2542
22.444	-33.3474
22.456	-33.3453
22.468	-33.3411
22.48	-33.4917
22.492	-33.5728
22.504	-33.681
22.516	-33.7648
22.528	-33.9849
22.54	-34.0922
22.552	-34.1803
22.564	-34.3309
22.576	-34.172
22.588	-34.6106
22.6	-34.6952
22.612	-34.6282
22.624	-34.7181
22.636	-34.5988
22.648	-34.6056
22.659	-34.4172
22.67	-34.2288
22.681	-34.1135
22.692	-33.7447
22.703	-33.593
22.714	-33.3033
22.725	-33.0167
22.736	-32.6518
22.747	-32.259
22.758	-31.6129
22.769	-31.7172
22.78	-31.4112
22.791	-31.1433
22.802	-30.9294
22.813	-30.7501
22.824	-30.7185
22.835	-30.5701
22.846	-30.5976
22.857	-30.6071
22.868	-30.8007
22.879	-30.952
22.89	-30.9547
22.901	-31.49
22.912	-31.9465
22.923	-32.2766
22.934	-32.7931
22.945	-33.2303
22.956	-33.5578
22.967	-34.0277
22.978	-34.5218
22.989	-34.9612
23	-35.784
23.011	-35.9697
23.022	-36.1563
23.033	-36.3155
23.044	-36.4838
23.055	-36.5574
23.066	-36.5803
23.077	-36.7413
23.088	-36.61655
23.099	-36.4918
23.11	-36.2114
23.121	-36.0112
23.132	-35.8448
23.143	-35.40705
23.154	-34.9693
23.165	-34.7202
23.176	-34.4964
23.187	-34.1183
23.198	-33.7402
23.209	-33.0714
23.22	-33.0579
23.231	-32.7369
23.242	-32.3519
23.253	-32.1471
23.264	-31.8707
23.275	-31.6705
23.286	-31.4757
23.297	-31.3277
23.308	-31.2236
23.319	-31.0393
23.33	-31.1301
23.341	-31.2302
23.352	-31.4326
23.363	-31.3097
23.374	-31.6835
23.385	-31.8546
23.396	-32.1197
23.407	-32.3712
23.418	-32.5132
23.429	-32.7629
23.44	-32.9737
23.451	-33.1845
23.462	-33.3651
23.473	-33.3829
23.484	-33.3472
23.495	-33.7645
23.506	-33.4578
23.517	-33.5454
23.528	-33.4524
23.539	-33.2533333333333
23.55	-33.0542666666666
23.561	-32.8552
23.572	-32.5873
23.583	-32.3488
23.594	-32.1137
23.605	-31.7978
23.616	-31.6329
23.627	-31.4135
23.638	-30.6546
23.649	-30.8485
23.66	-30.9956
23.671	-30.8696
23.682	-30.4984
23.693	-30.8855
23.704	-30.8529
23.715	-31.0197
23.726	-31.0634
23.737	-31.2718
23.748	-31.5475
23.759	-31.6833
23.77	-31.91
23.781	-32.1823
23.792	-32.5229
23.803	-32.7746
23.814	-33.2444
23.825	-33.4327
23.836	-33.7161
23.847	-33.5579
23.858	-34.2671
23.869	-34.4122
23.88	-34.2583
23.891	-34.6991
23.902	-34.4394
23.913	-34.3952
23.924	-34.6478
23.935	-34.5228
23.946	-34.1691
23.957	-34.0802
23.968	-34.0106
23.979	-33.8299
23.99	-33.7367
24	-33.6555
24.011	-33.4939
24.022	-33.4626
24.033	-33.3898
24.044	-33.0677
24.055	-32.9846
24.066	-32.9309
24.077	-33.0484
24.088	-33.0626
24.099	-33.0594
24.11	-32.9563
24.121	-32.6561
24.132	-32.5784
24.143	-32.7971
24.154	-32.7106
24.165	-32.7325
24.176	-32.1255
24.187	-32.1001
24.198	-31.8984
24.209	-31.697
24.22	-31.5722
24.231	-31.7925
24.242	-31.4164
24.253	-31.5519
24.264	-31.0439
24.275	-30.8701
24.286	-30.8973
24.297	-30.6962
24.308	-30.6594
24.319	-30.5955
24.33	-30.6926
24.341	-31.2076
24.352	-30.8146
24.363	-30.9672
24.374	-31.0841
24.385	-31.0194
24.396	-31.3532
24.407	-31.7574
24.418	-31.8649
24.429	-32.0178
24.44	-31.8575
24.451	-31.9694
24.462	-31.9421
24.473	-31.8667
24.484	-31.725
24.495	-31.1007
24.506	-31.0091
24.517	-31.2027
24.528	-30.6512
24.539	-30.4587
24.55	-30.6184
24.561	-30.1252
24.572	-29.8588
24.583	-29.7729
24.594	-29.6293
24.605	-29.2852
24.616	-29.1099
24.627	-28.9087
24.638	-28.8646
24.649	-28.8263
24.66	-28.73
24.671	-28.7082
24.682	-28.7806
24.693	-28.8444
24.704	-28.6576
24.715	-28.9462
24.726	-28.9463
24.737	-28.3736
24.748	-29.237
24.76	-29.4022
24.772	-29.1966
24.784	-29.8016
24.796	-29.9756
24.808	-29.8546
24.82	-30.2295
24.832	-30.4044
24.844	-30.5127
24.856	-30.5451
24.868	-30.8494
24.88	-30.7654
24.892	-30.9508
24.904	-31.0839
24.916	-31.1524
24.928	-31.2512
24.94	-31.1578
24.952	-31.3397
24.964	-31.2939
24.976	-31.3751
24.988	-31.3393
25	-31.7014
25.011	-31.9612
25.022	-32.1133
25.033	-32.2263
25.044	-32.4482
25.055	-32.6551
25.066	-32.822
25.077	-32.9541
25.088	-33.3091
25.099	-33.5088
25.11	-33.7085
25.121	-33.773
25.132	-33.8582
25.143	-33.7487
25.154	-34.0744
25.165	-34.1635
25.176	-34.1409
25.187	-33.9754
25.198	-34.1261
25.209	-34.1217
25.22	-34.2114
25.231	-34.1001
25.242	-34.0959
25.253	-34.0839
25.264	-33.8283
25.275	-34.00275
25.286	-34.1772
25.297	-34.1168
25.308	-34.1452
25.319	-34.2663
25.33	-34.2901
25.341	-34.3442
25.352	-34.4359
25.363	-34.4747
25.374	-34.599
25.385	-34.6024
25.396	-34.7863
25.407	-34.8218
25.418	-34.8247
25.429	-34.8613
25.44	-34.945
25.451	-34.891
25.462	-34.8746
25.473	-35.0345
25.484	-35.1389
25.495	-35.0226
25.506	-34.9424
25.517	-34.9054
25.528	-34.9134
25.539	-34.8344
25.55	-35.0553
25.561	-35.1591
25.572	-35.1304
25.583	-35.1157
25.594	-34.9984
25.605	-35.04
25.616	-35.07615
25.627	-35.1123
25.638	-35.0473
25.649	-35.0961
25.66	-35.0617
25.671	-35.16
25.682	-35.169
25.693	-34.9397
25.704	-35.017
25.715	-34.3307
25.726	-34.6483
25.737	-34.3797
25.748	-34.548
25.759	-34.2775
25.77	-34.0566
25.781	-33.9531
25.792	-33.9893
25.803	-33.9078
25.814	-33.7022
25.825	-33.9598
25.836	-34.0088
25.847	-34.1337
25.858	-34.1178
25.869	-34.2378
25.88	-34.456
25.89	-34.5662
25.9	-34.7782
25.91	-34.8093
25.92	-34.9309
25.93	-35.25
25.94	-35.262
25.95	-35.0862
25.96	-35.2548
25.97	-35.2013
25.98	-35.1159
25.99	-34.28
26	-34.4066
26.012	-34.565
26.024	-34.1587
26.036	-34.0904
26.048	-33.8864
26.06	-33.89
26.072	-33.551
26.084	-33.411
26.096	-32.7511
26.108	-33.002
26.12	-32.7677
26.132	-32.5583
26.144	-32.5576
26.156	-32.3638
26.168	-32.542
26.18	-32.5173
26.192	-32.4676
26.204	-32.5919
26.216	-32.317
26.228	-32.97
26.24	-32.9345
26.252	-33.168
26.263	-33.2192
26.274	-33.2777
26.285	-33.897
26.296	-34.092
26.307	-34.4
26.318	-34.1123
26.329	-34.766
26.34	-34.915
26.351	-35.135
26.362	-35.1518
26.373	-35.403
26.384	-35.1038
26.395	-35.6333
26.406	-35.8152
26.417	-35.6522
26.428	-36.0104
26.439	-35.9773
26.45	-36.0182
26.461	-36.1028
26.472	-36.154
26.483	-36.0792
26.494	-36.1077
26.505	-36.0445
26.516	-36.0377
26.527	-35.8141
26.538	-35.856
26.549	-35.666
26.56	-35.53
26.571	-35.3233
26.582	-35.266
26.593	-35.25
26.604	-35.0426
26.615	-35.0133
26.626	-34.8875
26.637	-34.865
26.648	-34.8648
26.659	-34.8431
26.67	-34.8509
26.681	-34.8974
26.692	-34.8423
26.703	-34.782
26.714	-34.882
26.725	-34.927
26.736	-35.076
26.747	-35.0606
26.758	-35.073
26.769	-35.005
26.78	-34.9355
26.791	-34.868
26.802	-34.76
26.813	-34.711
26.824	-34.523
26.835	-34.345
26.846	-34.192
26.857	-34.011
26.868	-33.819
26.879	-33.7436
26.89	-33.5253
26.901	-33.454
26.912	-33.2578
26.923	-33.22
26.934	-33.016
26.945	-33.068
26.956	-32.866
26.967	-32.799
26.978	-32.7259
26.989	-32.8958
27	-32.6829
27.011	-32.8126
27.022	-32.7996
27.033	-32.7206
27.044	-32.6767
27.055	-32.9883
27.066	-32.775
27.077	-33.0479
27.088	-33.0307
27.099	-33.1571
27.11	-33.082
27.121	-33.245
27.132	-33.275
27.143	-33.2922
27.154	-33.3326
27.165	-33.5024
27.176	-33.5367
27.187	-33.6947
27.198	-33.7892
27.209	-33.9514
27.22	-33.7731
27.231	-34.0963
27.242	-34.1991
27.253	-34.3985
27.264	-34.43165
27.275	-34.4648
27.286	-34.224
27.297	-34.5384
27.308	-34.3284
27.319	-34.2909
27.33	-34.2221
27.341	-33.9734
27.352	-33.9609
27.363	-33.7097
27.374	-33.6503
27.385	-33.5909
27.396	-33.5794
27.407	-33.2502
27.418	-33.258
27.429	-33.3663
27.44	-33.4133
27.451	-33.5439
27.462	-33.3106
27.473	-33.7057
27.484	-33.9497
27.495	-34.0571
27.506	-34.1965
27.517	-34.7526
27.528	-34.944
27.539	-35.1679
27.55	-35.2117
27.561	-35.2774
27.572	-35.7684
27.583	-36.1066
27.594	-36.2951
27.605	-36.4836
27.616	-36.5652
27.627	-36.585
27.638	-36.6639
27.649	-36.5471
27.66	-36.5265
27.671	-36.5145
27.682	-36.6035
27.693	-36.5204
27.704	-36.3315
27.715	-35.9652
27.726	-36.2725
27.737	-35.9275
27.748	-36.2385
27.759	-36.1852
27.77	-36.0727
27.781	-35.8315
27.792	-35.943
27.803	-35.963
27.814	-35.9034
27.825	-35.5935
27.836	-35.6066
27.847	-35.5296
27.858	-35.3866
27.869	-35.2205
27.88	-35.0909
27.892	-34.9855
27.904	-34.7842
27.916	-34.7028
27.928	-34.3636
27.94	-34.1462
27.952	-34.1947
27.964	-33.9381
27.976	-33.541
27.988	-33.6638
28	-33.5531
28.012	-33.5472
28.024	-33.5422
28.036	-33.5967
28.048	-33.7186
28.06	-33.836
28.072	-33.7033
28.084	-33.8842
28.096	-34.0237
28.108	-34.1586
28.12	-34.405
28.132	-34.5349
28.144	-34.6215
28.156	-34.332
28.168	-34.703
28.18	-34.7836
28.192	-34.7306
28.204	-34.7679
28.216	-34.6163
28.228	-34.6817
28.24	-34.5695
28.252	-34.4874
28.264	-34.1413
28.276	-34.1894
28.288	-33.8325
28.3	-33.7931
28.312	-33.4751
28.324	-33.3395
28.336	-33.0496
28.348	-32.7703
28.36	-32.6218
28.372	-32.5196
28.384	-32.2799
28.396	-32.2557
28.408	-32.094
28.42	-32.0054
28.432	-31.9076
28.444	-31.9849
28.456	-31.96305
28.468	-31.9412
28.48	-32.055
28.492	-32.1845
28.504	-32.1728
28.516	-32.4251
28.527	-32.5585
28.538	-32.6101
28.549	-33.0133
28.56	-33.1218
28.571	-33.6405
28.582	-33.7944
28.593	-34.0699
28.604	-34.1878
28.615	-34.26
28.626	-34.501
28.637	-34.4742
28.648	-34.6256
28.659	-34.7734
28.67	-34.7461
28.681	-34.7291
28.692	-34.7572
28.703	-34.7515
28.714	-34.6885
28.725	-34.7691
28.736	-34.7425
28.747	-34.8041
28.758	-34.8999
28.769	-34.7721
28.78	-34.9467
28.791	-34.9561
28.802	-35.0129
28.813	-35.0497
28.824	-35.1088
28.835	-35.1724
28.846	-35.2719
28.857	-35.2972
28.868	-35.2524
28.879	-35.2412
28.89	-35.2589
28.901	-35.4871
28.912	-35.3008
28.923	-35.3221
28.934	-35.1895
28.945	-35.2192
28.956	-35.152
28.967	-35.0449
28.978	-35.0246
28.989	-34.9364
29	-34.7707
29.011	-34.5943
29.022	-34.6497
29.033	-34.5302
29.044	-34.4339
29.055	-34.3216
29.066	-34.2501
29.077	-34.2298
29.088	-34.0226
29.099	-33.7381
29.11	-33.7131
29.121	-33.673
29.132	-33.532
29.143	-33.4021
29.154	-33.1982
29.165	-33.2359
29.176	-33.0376
29.187	-32.88
29.198	-32.8779
29.209	-32.7269
29.22	-32.7138
29.231	-32.7246
29.242	-32.7167
29.253	-32.6324
29.264	-32.7506
29.275	-32.8839
29.286	-32.9131
29.297	-33.0282
29.308	-33.0758
29.319	-33.2314
29.33	-33.267
29.341	-33.443
29.352	-33.4968
29.363	-33.6486
29.374	-33.6667
29.385	-33.5619
29.396	-33.5602
29.407	-33.8426
29.418	-33.9147
29.429	-33.9549
29.44	-33.9434
29.451	-34.0117
29.462	-34.1275
29.473	-34.1371
29.484	-33.9949
29.496	-34.1219
29.508	-34.2489
29.52	-34.6666
29.532	-34.9555
29.544	-35.0261
29.556	-35.0967
29.568	-35.1673
29.58	-35.2379
29.592	-35.38555
29.604	-35.5332
29.616	-35.6774666666666
29.628	-35.8217333333333
29.64	-35.966
29.652	-35.8629
29.664	-35.9848
29.676	-35.8563
29.688	-35.81185
29.7	-35.7674
29.712	-35.71035
29.724	-35.6533
29.736	-35.5414
29.748	-35.4295
29.76	-35.3176
29.772	-35.2821
29.784	-35.0575
29.796	-34.9872
29.808	-34.7899
29.82	-34.6757
29.832	-34.454
29.844	-34.3325
29.856	-33.6277
29.868	-33.7152
29.88	-33.6197
29.892	-33.5242
29.904	-33.005
29.916	-33.1191
29.928	-33.0175
29.94	-32.9108
29.952	-32.6607
29.964	-32.6895
29.976	-32.7089
29.988	-32.3043
30	-32.4563
30.012	-32.1684
30.024	-32.3773
30.036	-32.2924
30.048	-32.3976
30.06	-32.6246
30.072	-32.4774
30.084	-32.4493333333333
30.096	-32.4212666666666
30.108	-32.3932
30.12	-32.507
30.131	-32.8101
30.142	-32.4668
30.153	-32.7019
30.164	-32.5536
30.175	-32.4992
30.186	-32.7753
30.197	-32.7316
30.208	-32.7937
30.219	-32.6992
30.23	-32.97045
30.241	-33.2417
30.252	-33.40695
30.263	-33.5722
30.274	-33.7775
30.285	-34.1441
30.296	-34.3093
30.307	-34.6065
30.318	-34.5892
30.329	-35.1188
30.34	-35.1975
30.351	-35.2762
30.362	-35.5176
30.373	-35.759
30.384	-35.601
30.395	-35.9034
30.406	-35.7905
30.417	-35.817
30.428	-35.6577
30.439	-35.7378499999999
30.45	-35.818
30.461	-35.9394
30.472	-35.78305
30.483	-35.6267
30.494	-35.8399
30.505	-35.4915
30.516	-35.4168
30.527	-35.6342
30.538	-35.4143
30.549	-35.1467
30.56	-35.5355
30.571	-35.1567
30.582	-35.1726
30.593	-35.2203
30.604	-34.9798
30.615	-34.9496
30.626	-34.7094
30.637	-34.4692
30.648	-34.6043
30.659	-34.4466
30.67	-34.2787
30.681	-34.4254
30.692	-34.2247
30.703	-34.1494
30.714	-34.0304
30.725	-34.2247
30.736	-34.1157
30.747	-34.0067
30.758	-33.8977
30.769	-34.2608
30.78	-34.0316
30.791	-34.1773
30.802	-34.323
30.813	-34.4687
30.824	-34.6144
30.835	-34.58
30.846	-34.5985
30.857	-34.8174
30.868	-34.67355
30.879	-34.5297
30.89	-34.4242
30.901	-34.8713
30.912	-35.0335
30.923	-34.7801
30.934	-35.1537
30.945	-35.1741666666666
30.956	-35.1946333333333
30.967	-35.2151
30.978	-34.7762
30.989	-35.1112
31	-35.4462
31.011	-35.2921
31.022	-35.3762
31.033	-35.47235
31.044	-35.5685
31.055	-35.602
31.066	-35.6388
31.077	-35.5786
31.088	-35.5184
31.099	-35.52755
31.11	-35.5367
31.121	-35.5635
31.132	-35.4706
31.143	-35.3567
31.154	-35.147
31.165	-34.5898
31.176	-34.9711
31.187	-34.7391
31.198	-34.5071
31.209	-34.4976
31.22	-34.1069
31.231	-34.1299
31.242	-33.82725
31.253	-33.5246
31.264	-33.7374
31.275	-33.5305
31.286	-33.6592
31.297	-33.5043
31.308	-33.5267
31.319	-33.2753
31.33	-33.3989
31.341	-33.2246
31.352	-33.0503
31.363	-33.0129333333333
31.374	-32.9755666666666
31.385	-32.9382
31.396	-32.8506
31.407	-32.6706
31.418	-32.5198
31.429	-32.7488
31.44	-32.6576
31.451	-32.3848
31.462	-32.3908
31.473	-32.8434
31.484	-32.4371
31.495	-33.0048
31.506	-33.04245
31.517	-33.0801
31.528	-33.12535
31.539	-33.1706
31.55	-33.6176
31.561	-33.7709
31.572	-33.8154
31.583	-33.7355
31.594	-33.9177
31.605	-33.802
31.616	-33.7761
31.627	-33.6929
31.638	-33.7427
31.649	-33.599
31.66	-33.5422
31.671	-33.4446
31.682	-33.335
31.693	-33.2054
31.704	-33.0758
31.715	-33.0957
31.726	-33.0407
31.737	-33.058
31.748	-32.7546
31.759	-33.1322
31.77	-33.2316
31.781	-33.2574
31.792	-33.3099
31.803	-33.5727
31.814	-33.81975
31.825	-34.0668
31.836	-34.2464
31.847	-34.62
31.858	-34.816
31.869	-35.0606
31.88	-35.2606
31.891	-35.4873
31.902	-35.7152
31.913	-35.7324
31.924	-35.8199
31.935	-35.8487
31.946	-35.8884
31.957	-35.8503
31.968	-35.7718
31.979	-35.7201
31.99	-35.6596
32	-35.5028
32.011	-35.3105
32.022	-35.3801
32.033	-35.2504
32.044	-35.2754
32.055	-34.9918
32.066	-35.0713
32.077	-35.1087
32.088	-34.8007
32.099	-35.1426
32.11	-35.0113
32.121	-34.7787
32.132	-34.9822
32.143	-35.091
32.154	-34.8668
32.165	-35.0011
32.176	-34.8974
32.187	-34.9272
32.198	-34.7826
32.209	-34.808
32.22	-34.6033
32.231	-34.4529
32.242	-34.263
32.253	-33.9904
32.264	-33.514
32.275	-33.4546
32.286	-32.8909
32.297	-32.7488
32.308	-32.4054
32.319	-32.1087
32.33	-31.7413
32.341	-31.3158
32.352	-30.9014
32.363	-30.6746
32.374	-30.4478
32.385	-30.4157
32.396	-30.0029
32.407	-29.8899
32.418	-30.0194
32.429	-29.90855
32.44	-29.7977
32.451	-29.9405
32.462	-30.2157
32.473	-30.0411
32.484	-30.4746
32.495	-30.7454
32.506	-30.9282
32.517	-31.0995
32.528	-31.3355
32.539	-31.786
32.55	-32.0245
32.561	-32.6045
32.572	-32.9105
32.583	-33.0896
32.594	-33.2642
32.605	-33.443
32.616	-33.4656
32.627	-33.5958
32.638	-33.7791
32.649	-34.1436
32.66	-33.9756
32.671	-34.3208
32.682	-34.2102
32.693	-34.4524
32.704	-34.4926
32.715	-34.4056
32.726	-34.9151
32.737	-34.8008
32.748	-35.137
32.76	-35.251
32.772	-35.0213
32.784	-35.3478
32.796	-35.2099
32.808	-35.3616
32.82	-35.2102
32.832	-35.2818
32.844	-35.3221
32.856	-35.0987
32.868	-35.2897
32.88	-35.1817
32.892	-35.22235
32.904	-35.263
32.916	-35.0752
32.928	-34.9449
32.94	-34.95865
32.952	-34.9724
32.964	-35.2124
32.976	-35.0359
32.988	-35.3348
33	-35.1339
33.012	-35.1733
33.024	-35.4034
33.036	-35.5131
33.048	-35.4364
33.06	-35.5671
33.072	-35.3656
33.084	-35.0261
33.096	-35.2768
33.108	-35.2156
33.12	-35.2236
33.131	-35.0346
33.142	-35.0137
33.153	-34.9801
33.164	-34.7156
33.175	-34.72425
33.186	-34.7329
33.197	-34.6163
33.208	-34.4094
33.219	-34.2836
33.23	-34.4018
33.241	-34.3997
33.252	-34.2183
33.263	-34.2353
33.274	-34.0755
33.285	-33.9719
33.296	-34.0839
33.307	-33.9932
33.318	-34.0157
33.329	-33.946
33.34	-33.8247
33.351	-33.9375
33.362	-33.6933
33.373	-33.7961
33.384	-33.7537
33.395	-33.6635
33.406	-33.7632
33.417	-33.9269
33.428	-33.9951
33.439	-33.8392
33.45	-33.9809
33.461	-34.0546
33.472	-34.2334
33.483	-34.352
33.494	-34.4192
33.505	-34.53645
33.516	-34.6537
33.527	-34.8664
33.538	-34.9008
33.549	-34.9067
33.56	-34.8546
33.571	-34.7452
33.582	-34.678
33.593	-34.5852
33.604	-34.3884
33.615	-34.238
33.626	-34.1924
33.637	-34.0099
33.648	-33.6781
33.659	-33.6744
33.67	-33.3517
33.681	-33.3373
33.692	-33.1148
33.703	-32.9317
33.714	-32.8344
33.725	-32.8321
33.736	-32.9131
33.747	-32.8249
33.758	-32.8379
33.769	-32.9362
33.78	-32.9788
33.791	-33.2349
33.802	-33.7485
33.813	-33.7411
33.824	-34.0175
33.835	-34.0735
33.846	-34.2517
33.857	-34.4963
33.868	-34.6797
33.879	-34.6653
33.89	-34.842
33.901	-34.6856
33.912	-34.9194
33.923	-34.7586
33.934	-34.8033
33.945	-34.6034
33.956	-34.4576
33.967	-34.5236
33.978	-34.1564
33.989	-34.1351
34	-33.6799
34.01	-33.4869
34.02	-33.4652
34.03	-33.2552
34.04	-33.2908
34.05	-33.2291
34.06	-33.1761
34.07	-33.1432
34.08	-33.1444
34.09	-33.0652
34.1	-33.1442
34.11	-33.1346
34.12	-33.116
34.13	-33.192
34.14	-33.2281
34.15	-33.1558
34.16	-33.1748
34.17	-33.1981
34.18	-33.2264
34.19	-33.1072
34.2	-33.1014
34.21	-32.6383
34.22	-32.7913
34.231	-32.521
34.242	-32.4343
34.253	-32.3113
34.264	-32.0735
34.275	-31.8323
34.286	-31.4826
34.297	-31.3981
34.308	-31.0964
34.319	-30.7734
34.33	-30.5257
34.341	-30.3461
34.352	-30.1065
34.363	-29.9493
34.374	-29.7133
34.385	-29.5716
34.396	-29.4257
34.407	-29.4123
34.418	-29.3399
34.429	-29.1616
34.44	-29.1706
34.451	-28.9473
34.462	-29.0271
34.473	-28.9877
34.484	-28.8978
34.495	-28.9863
34.506	-28.9943
34.517	-28.9136
34.528	-28.9988
34.539	-29.0422
34.55	-28.9552
34.588	-29.4535
34.626	-29.7737
34.664	-30.0604
34.702	-30.4788
34.74	-30.5142
34.778	-30.8554
34.816	-30.9421
34.854	-30.7091
34.892	-30.4818
34.93	-30.213
34.968	-29.9738
35	-30.1084
35.037	-30.8639
35.074	-31.5946
35.111	-32.8015
35.148	-33.6247
35.185	-34.1586
35.222	-34.5749
35.259	-34.5901
35.296	-34.4736
35.333	-34.7719
35.37	-35.1106
35.407	-35.2672
35.444	-35.0416
35.481	-34.4787
35.518	-33.7872
35.55	-33.1287
35.587	-32.9803
35.624	-33.0497
35.661	-33.3329
35.698	-33.7388
35.735	-33.7585
35.772	-33.5206
35.809	-33.4434
35.846	-33.4137
35.883	-33.5739
35.92	-33.9462
35.96	-34.2414
36	-34.5846
36.035	-34.8345
36.07	-34.9111
36.105	-34.6752
36.14	-34.5918
36.175	-34.6564
36.21	-34.8964
36.245	-35.0382
36.28	-35.1611
36.315	-34.9662
36.35	-34.6456
36.385	-34.3509
36.42	-34.3627
36.455	-34.4814
36.485	-34.9004
36.515	-35.3389
36.552	-35.3292
36.589	-35.1164
36.626	-35.0811
36.663	-34.9598
36.7	-35.4424
36.737	-35.9508
36.774	-36.5169
36.811	-36.7236
36.848	-36.6048
36.886	-35.9242
36.924	-35.6572
36.962	-34.975
37	-33.9478
37.037	-33.5044
37.074	-33.187
37.111	-32.9035
37.148	-33.0254
37.185	-33.2674
37.222	-33.3717
37.259	-33.7411
37.296	-33.6237
37.333	-33.7381666666666
37.37	-33.8526333333333
37.407	-33.9671
37.444	-34.3257
37.48	-34.5641
37.515	-34.5105
37.55	-34.0195
37.587	-33.4478
37.624	-32.7538
37.661	-32.1964
37.698	-31.9788
37.735	-31.8183
37.772	-32.0494
37.81	-32.0205
37.848	-31.9016
37.886	-31.4414
37.924	-31.0828
37.962	-30.5994
38	-31.3586
38.037	-32.0013
38.074	-32.5998
38.111	-32.6833
38.148	-32.6703
38.185	-32.122
38.222	-31.6031
38.259	-31.0683
38.296	-31.0001
38.333	-31.0697
38.369	-31.3549
38.405	-31.8254
38.442	-32.2224
38.478	-32.5102
38.514	-32.7564
38.55	-32.4181
38.587	-32.4253
38.624	-32.4594
38.661	-32.6133
38.698	-32.8286
38.735	-33.2373
38.772	-33.2612
38.81	-33.3716
38.848	-32.9093
38.886	-32.8647
38.924	-31.4621
38.962	-30.8704
39	-31.1351
39.033	-31.3998
39.066	-31.595
39.098	-32.0952
39.13	-32.6058
39.1619999999999	-33.2077
39.194	-33.3338
39.2259999999999	-33.3939
39.258	-33.2768
39.2899999999999	-33.143
39.322	-33.2053
39.3539999999999	-33.2553
39.386	-33.1595
39.4179999999999	-33.3278
39.45	-33.7033
39.4869999999999	-33.9461
39.523	-33.9603
39.5589999999999	-34.0704
39.5949999999999	-34.2698
39.6309999999999	-34.2347
39.6669999999999	-34.509
39.7039999999999	-34.675
39.7409999999999	-34.7972
39.7779999999999	-34.7031
39.8149999999999	-34.4406
39.8519999999999	-34.1094
39.889	-34.0412
39.9259999999999	-33.8646
39.9629999999999	-33.9086
40	-34.1422
40.03	-34.3758
40.06	-34.3909
40.091	-34.6206
40.122	-34.4858
40.153	-34.4916
40.184	-34.05
40.215	-33.7387
40.246	-33.2194
40.277	-32.6262
40.308	-31.86095
40.339	-31.0957
40.37	-30.5207
40.401	-30.0756
40.432	-29.9855
40.463	-29.8954
40.494	-29.8644
40.525	-30.2448
40.55	-30.2045
40.58	-30.4735
40.61	-30.3228
40.64	-30.4992
40.67	-30.6835
40.7	-31.1383
40.73	-31.3826
40.76	-31.9363
40.79	-32.4834
40.82	-32.9201
40.85	-33.4277
40.88	-33.6385
40.91	-33.7732
40.94	-34.378
40.97	-34.4612
41	-34.4984
41.032	-34.7795
41.064	-34.7565
41.096	-34.8677
41.128	-34.9186
41.16	-34.8509
41.192	-34.7606
41.224	-35.0803
41.256	-35.1889
41.288	-35.2602
41.32	-35.6146
41.352	-35.5926
41.384	-35.7523
41.416	-35.7185
41.448	-35.4616
41.48	-35.0358
41.512	-34.9254
41.55	-35.0264
41.58	-34.9057
41.61	-34.6489
41.64	-34.5967
41.67	-34.3557
41.7	-34.4571
41.73	-34.3557
41.76	-34.6748
41.79	-34.8556
41.82	-35.2411
41.85	-35.1982
41.88	-35.0642
41.91	-34.3718
41.94	-34.1734
41.97	-33.4237
42	-33.2763
42.031	-33.2308
42.062	-33.369
42.093	-33.4484
42.124	-34.1046
42.155	-34.0791
42.186	-34.0548
42.217	-34.3238
42.248	-34.3891
42.279	-34.834
42.31	-34.8677
42.341	-34.8866
42.372	-34.6567
42.403	-34.7561
42.434	-34.2698
42.465	-34.4088
42.496	-34.3759
42.527	-34.0756
42.555	-34.9162
42.588	-35.1668
42.621	-35.4782
42.654	-35.8451
42.687	-36.0128
42.72	-36.2443
42.753	-36.592
42.786	-36.4721
42.819	-36.1163
42.852	-35.8474
42.885	-35.3991
42.918	-34.8157
42.951	-34.6021499999999
43	-34.3886
43.031	-33.8801
43.062	-33.9606
43.093	-33.6312
43.124	-33.317
43.155	-32.8516
43.186	-32.6965
43.217	-32.3934
43.248	-32.3757
43.279	-32.6512
43.31	-33.1491
43.34	-33.6196
43.37	-34.1998
43.4	-34.6468
43.43	-34.8737
43.46	-34.8196
43.49	-34.7971
43.52	-34.7452
43.55	-34.5037
43.582	-34.3886
43.614	-33.9494
43.646	-33.6879
43.678	-33.2229
43.71	-32.8504
43.742	-32.5326
43.774	-32.3565
43.806	-32.4061
43.838	-32.5314
43.87	-32.5842
43.902	-32.9298
43.934	-33.142
43.967	-32.9772
44	-33.0041
44.03	-32.9538
44.06	-32.9768
44.09	-33.1324
44.12	-33.3421
44.15	-33.1899
44.18	-32.9893
44.21	-32.99
44.24	-32.593
44.27	-31.9044
44.3	-31.7105
44.33	-31.7492
44.36	-32.0213
44.39	-32.2366
44.42	-32.8858
44.45	-33.532
44.48	-33.7579
44.51	-33.8363
44.55	-33.6527
44.581	-33.8344
44.612	-33.6738
44.643	-33.787
44.674	-33.7004
44.705	-33.917
44.736	-34.0453
44.767	-34.13
44.798	-34.0766
44.829	-34.2668
44.86	-34.2924
44.891	-34.3046
44.922	-34.7768
44.953	-34.8653
45	-35.9038
45.031	-36.4433
45.062	-36.5068
45.093	-36.939
45.124	-36.8199
45.155	-36.7463
45.186	-36.2787
45.217	-35.6618
45.248	-34.9223
45.279	-34.0909
45.31	-33.3964
45.341	-33.0553
45.372	-32.5359
45.403	-32.3544
45.434	-32.3083
45.465	-32.5811
45.496	-32.7999
45.527	-32.7354
45.55	-32.6212
45.581	-32.2648
45.612	-31.9084
45.643	-31.4668
45.674	-31.1009
45.705	-30.9148
45.735	-30.7316
45.765	-30.8088
45.795	-31.3657
45.825	-31.5518
45.855	-31.6452
45.885	-31.9512
45.915	-31.9804
45.945	-32.0988
45.975	-32.4639
46	-32.7249
46.03	-33.104
46.06	-33.5009
46.09	-33.9892
46.12	-34.0671
46.15	-34.2997
46.18	-34.5577
46.21	-34.6631
46.24	-34.9063
46.27	-35.1079
46.3	-35.1537
46.33	-35.0391
46.36	-34.858
46.39	-34.6077
46.42	-34.2487
46.45	-34.2489
46.48	-33.8887
46.51	-34.0343
46.54	-33.6626
46.571	-33.4078
46.602	-33.5265
46.633	-33.0627
46.664	-32.9446
46.695	-32.8663
46.726	-32.6153
46.757	-32.61
46.788	-32.3618
46.819	-32.1543
46.85	-32.0697
46.88	-31.9534
46.91	-32.112
46.94	-32.35
46.97	-32.6165
47	-33.2598
47.031	-33.5989
47.062	-33.8972
47.093	-34.1927
47.124	-34.4057
47.155	-34.6628
47.186	-34.9049
47.217	-35.5878
47.248	-36.0127
47.279	-35.8702
47.31	-35.6761
47.34	-35.4377
47.37	-35.0837
47.4	-34.092
47.43	-34.0499
47.46	-33.9041
47.49	-33.783
47.52	-33.9855
47.55	-34.0942
47.58	-34.4464
47.61	-34.7055
47.64	-35.2856
47.67	-35.3887
47.7	-35.4413
47.73	-34.8517
47.76	-34.4414
47.79	-34.2664
47.82	-33.4928
47.85	-33.2384
47.88	-32.9224
47.91	-33.2087
47.94	-33.2916
47.97	-33.4838
48	-33.7365
48.032	-33.7962
48.064	-34.0491
48.096	-34.0738
48.128	-34.3511
48.16	-34.3389
48.192	-34.8042
48.224	-35.1777
48.256	-35.0794
48.288	-35.1834
48.32	-35.1192
48.352	-35.0884
48.384	-35.0001
48.416	-34.6268
48.448	-34.1608
48.48	-34.0031
48.512	-33.4164
48.544	-32.7805
48.575	-32.8895
48.606	-33.002
48.637	-32.9207
48.668	-32.743
48.699	-32.5334
48.73	-32.243
48.76	-31.7238
48.79	-31.4472
48.82	-31.0655
48.85	-31.1516
48.88	-31.2786
48.91	-31.7095
48.94	-31.6833
48.97	-31.6953
49	-31.5945
49.031	-30.9804
49.062	-31.1766
49.093	-31.3891
49.124	-31.2084
49.155	-31.3563
49.186	-32.0069
49.217	-31.9328
49.248	-32.3007
49.279	-32.2505
49.31	-32.5813
49.34	-32.7044
49.37	-33.7517
49.4	-34.6259
49.43	-35.6438
49.46	-36.0394
49.49	-36.1747
49.52	-36.6224
49.55	-36.8592
49.58	-36.8506
49.61	-36.9916
49.64	-36.9529
49.67	-36.9308
49.7	-36.8099
49.73	-36.4265
49.76	-36.5832
49.79	-36.3667
49.82	-36.0681
49.85	-35.3944
49.88	-35.4795
49.91	-35.2921
49.94	-35.3785
49.97	-35.4385
50	-35.6468
50.0317647058823	-35.7846
50.0635294117647	-35.9555
50.095294117647	-35.9846
50.1270588235294	-36.2111
50.1588235294117	-36.2256
50.1905882352941	-36.3981
50.2223529411764	-36.4144
50.2541176470588	-36.4294
50.2858823529411	-36.1703
50.3176470588235	-35.9319
50.3494117647058	-35.5018
50.3811764705882	-35.1582
50.4129411764705	-34.7866
50.4447058823529	-34.4587
50.4764705882352	-34.1463
50.5082352941176	-33.8198
50.54	-33.4434
50.5706666666666	-33.3277
50.6013333333333	-33.39
50.632	-33.1711
50.6626666666666	-32.9461
50.6933333333333	-32.5334
50.724	-32.5647
50.7546666666666	-32.597
50.7853333333333	-32.7539
50.816	-32.8341
50.8466666666666	-33.3941
50.8773333333333	-33.7281
50.908	-33.9804
50.9386666666666	-34.0408
50.9693333333333	-33.6128
51	-33.1966
51.0317647058823	-32.569
51.0635294117647	-32.1726
51.095294117647	-32.5452
51.1270588235294	-32.7673
51.1588235294117	-33.3201
51.1905882352941	-33.5077
51.2223529411764	-33.6773
51.2541176470588	-33.6836
51.2858823529411	-33.4555
51.3176470588235	-32.9073
51.3494117647058	-33.0485
51.3811764705882	-32.7266
51.4129411764705	-32.4787
51.4447058823529	-32.1282
51.4764705882352	-31.8359
51.5082352941176	-31.7713
51.54	-31.5095
51.5728571428571	-31.7827
51.6057142857142	-32.2758
51.6385714285714	-32.7689
51.6714285714285	-33.5565
51.7042857142857	-34.6737
51.7371428571428	-35.4366
51.77	-35.942
51.8028571428571	-35.9146
51.8357142857142	-35.7339
51.8685714285714	-35.416
51.9014285714285	-34.7675
51.9342857142857	-34.1037
51.9671428571428	-33.3899
52	-32.7711
52.0305555555555	-32.7253
52.0611111111111	-32.7984
52.0916666666666	-33.2633
52.1222222222222	-33.6373
52.1527777777777	-34.1317
52.1833333333333	-34.4194
52.2138888888888	-34.4209
52.2444444444444	-34.2222
52.275	-33.6666
52.3055555555555	-33.6047
52.3361111111111	-33.1388
52.3666666666666	-33.1264
52.3972222222222	-33.2763
52.4277777777777	-33.1281
52.4583333333333	-33.2184
52.4888888888888	-33.2301
52.5194444444444	-33.2614
52.55	-33.2458
52.5821428571428	-33.65615
52.6142857142857	-34.0665
52.6464285714285	-34.8454
52.6785714285714	-35.3017
52.7107142857142	-35.73705
52.7428571428571	-36.1724
52.775	-36.3006
52.8071428571428	-36.5416
52.8392857142857	-36.72
52.8714285714285	-36.6751
52.9035714285714	-36.1546
52.9357142857142	-35.7413
52.9678571428571	-35.2943333333333
53	-34.8473666666666
53.0305555555555	-34.4004
53.0611111111111	-34.1607
53.0916666666666	-34.0934
53.1222222222222	-34.044
53.1527777777777	-34.1659666666666
53.1833333333333	-34.2879333333333
53.2138888888888	-34.4099
53.2444444444444	-34.5538
53.275	-34.5982
53.3055555555555	-35.02235
53.3361111111111	-35.4465
53.3666666666666	-35.572
53.3972222222222	-36.0029
53.4277777777777	-36.4338
53.4583333333333	-36.8647
53.4888888888888	-36.5911
53.5194444444444	-36.1817499999999
53.55	-35.7724
53.5821428571428	-35.5473
53.6142857142857	-35.1705666666666
53.6464285714285	-34.7938333333333
53.6785714285714	-34.4171
53.7107142857142	-34.126825
53.7428571428571	-33.83655
53.775	-33.546275
53.8071428571428	-33.256
53.8392857142857	-33.1369
53.8714285714285	-33.4197
53.9035714285714	-33.7025
53.9357142857142	-34.0218
53.9678571428571	-34.6544
54	-35.502
54.0323529411764	-35.846
54.0647058823529	-36.0908
54.0970588235294	-36.1266
54.1294117647058	-36.2697
54.1617647058823	-36.2323
54.1941176470588	-36.1949
54.2264705882352	-36.4077999999999
54.2588235294117	-36.6207
54.2911764705882	-36.3745
54.3235294117647	-36.5313
54.3558823529411	-36.2562
54.3882352941176	-36.1419
54.4205882352941	-35.9722
54.4529411764705	-35.7539
54.485294117647	-35.3795
54.5176470588235	-35.0456
54.55	-34.2684
54.5821428571428	-34.3899
54.6142857142857	-34.4182
54.6464285714285	-34.433
54.6785714285714	-34.6819
54.7107142857142	-35.1903
54.7428571428571	-35.3877
54.775	-35.2707
54.8071428571428	-34.6415333333333
54.8392857142857	-34.0123666666666
54.8714285714285	-33.3832
54.9035714285714	-32.4894
54.9357142857142	-31.9884
54.9678571428571	-31.3818
55	-31.5517
55.0305555555555	-32.1546
55.0611111111111	-32.385
55.0916666666666	-33.1548
55.1222222222222	-33.6661
55.1527777777777	-33.8059
55.1833333333333	-34.1075
55.2138888888888	-34.4764
55.2444444444444	-34.2833
55.275	-34.0743
55.3055555555555	-34.0973
55.3361111111111	-33.9686
55.3666666666666	-33.7009
55.3972222222222	-33.62715
55.4277777777777	-33.5534
55.4583333333333	-33.7269
55.4888888888888	-34.229
55.5194444444444	-34.9412
55.55	-35.0491
55.5821428571428	-35.157
55.6142857142857	-35.1831
55.6464285714285	-35.4947
55.6785714285714	-35.5611
55.7107142857142	-35.308
55.7428571428571	-35.1886
55.775	-34.5898
55.8071428571428	-34.5084
55.8392857142857	-34.1239
55.8714285714285	-33.9178
55.9035714285714	-33.8796
55.9357142857142	-34.111
55.9678571428571	-34.3445
56	-34.3709
56.03	-34.3584
56.06	-34.1461
56.09	-33.8108
56.12	-33.4561
56.15	-32.9155
56.18	-33.3132
56.21	-33.5446
56.24	-33.8477
56.27	-34.1403
56.3	-34.4031
56.33	-34.1396
56.36	-33.7816
56.39	-33.3307
56.42	-32.8798
56.45	-32.383
56.48	-32.0338
56.51	-31.9658
56.54	-31.9047
56.56875	-31.9313
56.5975	-31.9144
56.62625	-31.7164
56.655	-31.526
56.68375	-30.9308
56.7125	-31.4137
56.74125	-31.5574
56.77	-31.7838
56.79875	-32.2587
56.8275	-32.7046
56.85625	-32.9216
56.885	-33.0711
56.91375	-33.1811
56.9425	-33.281
56.97125	-32.9792
57	-33.0587
57.0305555555555	-32.9819
57.0611111111111	-32.9228
57.0916666666666	-33.0456
57.1222222222222	-33.1259
57.1527777777777	-33.0611
57.1833333333333	-33.0355
57.2138888888888	-32.8147
57.2444444444444	-33.4201
57.275	-33.5344
57.3055555555555	-33.9805
57.3361111111111	-33.9046
57.3666666666666	-35.34
57.3972222222222	-35.3596
57.4277777777777	-35.2087
57.4583333333333	-34.8951
57.4888888888888	-34.6835
57.5194444444444	-34.2966
57.55	-34.644
57.5821428571428	-34.7568
57.6142857142857	-34.9995
57.6464285714285	-35.1894
57.6785714285714	-35.4829
57.7107142857142	-35.4066
57.7428571428571	-35.4263
57.775	-35.4508
57.8071428571428	-35.6674
57.8392857142857	-36.1639
57.8714285714285	-36.4885
57.9035714285714	-36.4121
57.9357142857142	-36.6158
57.9678571428571	-36.01425
58	-35.4127
58.0305555555555	-35.7979
58.0611111111111	-35.4383
58.0916666666666	-34.7883
58.1222222222222	-34.4193
58.1527777777777	-34.1063
58.1833333333333	-34.2256
58.2138888888888	-33.9284
58.2444444444444	-34.2277
58.275	-34.1251
58.3055555555555	-34.9266
58.3361111111111	-34.5204
58.3666666666666	-35.3613
58.3972222222222	-35.5181
58.4277777777777	-35.4645
58.4583333333333	-35.6632
58.4888888888888	-35.7495
58.5194444444444	-35.2304
58.55	-34.4348
58.578125	-34.0963
58.60625	-33.3938
58.634375	-32.5204
58.6624999999999	-32.5469
58.690625	-32.3668
58.71875	-32.1476
58.746875	-32.1954
58.775	-32.4524
58.803125	-32.2998
58.83125	-32.6365
58.859375	-32.6323
58.8875	-33.0975
58.915625	-33.4489
58.94375	-34.1559
58.971875	-34.6031
59	-33.7165
59.0261904761904	-33.767
59.0523809523809	-33.9952
59.0785714285714	-33.9155
59.1047619047619	-34.3377
59.1309523809523	-34.8281
59.1571428571428	-34.5675
59.1833333333333	-34.7679
59.2095238095238	-35.0021
59.2357142857142	-34.4075
59.2619047619047	-34.3731
59.2880952380952	-31.8576
59.3142857142857	-32.4331
59.3404761904761	-31.4203
59.3666666666666	-31.663
59.3928571428571	-31.4677
59.4190476190476	-31.5874
59.4452380952381	-31.9478
59.4714285714285	-32.1102
59.497619047619	-31.5899
59.5238095238095	-31.8916
59.55	-31.1679
59.5764705882352	-32.183
59.6029411764705	-32.3636
59.6294117647058	-32.0716
59.6558823529411	-32.3294
59.6823529411764	-32.9561
59.7088235294117	-33.0576
59.735294117647	-33.9033
59.7617647058823	-34.398
59.7882352941176	-35.4766
59.8147058823529	-35.12
59.8411764705882	-35.5337
59.8676470588235	-35.9474
59.8941176470588	-35.2212
59.9205882352941	-35.7173
59.9470588235294	-35.5024
59.9735294117647	-34.7635
60	-34.1816
60.0261904761904	-34.1107
60.0523809523809	-33.8885
60.0785714285714	-34.255
60.1047619047619	-34.3341
60.1309523809523	-33.9681
60.1571428571428	-34.5465
60.1833333333333	-34.8943
60.2095238095238	-34.9132
60.2357142857142	-35.2735
60.2619047619047	-35.5183
60.2880952380952	-34.934
60.3142857142857	-35.2601
60.3404761904761	-35.4223
60.3666666666666	-34.9202
60.3928571428571	-34.4721
60.4190476190476	-34.0345
60.4452380952381	-33.6532
60.4714285714285	-32.8808
60.497619047619	-33.1621
60.5238095238095	-33.2592
60.55	-33.5105
60.5764705882352	-33.6711
60.6029411764705	-33.5794
60.6294117647058	-34.0069
60.6558823529411	-33.8502
60.6823529411764	-33.5751
60.7088235294117	-33.234
60.735294117647	-33.0842
60.7617647058823	-32.9422
60.7882352941176	-32.9675
60.8147058823529	-33.1439
60.8411764705882	-32.9105
60.8676470588235	-33.4139
60.8941176470588	-33.7592
60.9205882352941	-33.6092
60.9470588235294	-33.4888
60.9735294117647	-33.3039
61	-33.355
61.0270833333333	-33.187
61.0541666666666	-33.324
61.08125	-33.2606
61.1083333333333	-33.6282
61.1354166666666	-33.6787
61.1625	-33.5996
61.1895833333333	-33.8018
61.2166666666666	-33.72
61.24375	-33.7036
61.2708333333333	-33.8425
61.2979166666666	-33.8076
61.325	-33.8769
61.3520833333333	-33.8101
61.3791666666666	-33.2007
61.40625	-33.2557
61.4333333333333	-33.1839
61.4604166666666	-33.1531
61.4875	-32.9692
61.5145833333333	-33.0391
61.5416666666666	-33.2821
61.56875	-33.8065
61.5958333333333	-34.3658
61.6229166666666	-34.8265
61.65	-35.413
61.6775	-35.3058
61.705	-35.1739
61.7325	-35.1801
61.76	-35.3479
61.7875	-35.5427
61.815	-35.3924
61.8425	-36.4104
61.87	-37.0045
61.8975	-37.3598
61.925	-37.1658
61.9525	-36.8095
61.98	-36.5183
62.0075	-35.8163
62.035	-35.4373
62.0625	-35.0845
62.09	-34.5917
62.1175	-33.9847
62.145	-33.2833
62.1725	-33.1996
62.2	-32.6947
62.225	-32.6374
62.25	-32.2788
62.275	-31.9763
62.3	-32.0556
62.325	-31.999
62.35	-31.7129
62.375	-31.6123
62.4	-31.7146
62.425	-31.1711
62.45	-31.8124
62.475	-31.8517
62.5	-32.0608
62.5263157894736	-32.1328
62.5526315789473	-32.189
62.578947368421	-32.189
62.6052631578947	-32.1435
62.6315789473684	-32.2358
62.6578947368421	-32.3181
62.6842105263157	-32.1702
62.7105263157894	-33.0523
62.7368421052631	-33.5567
62.7631578947368	-33.7094
62.7894736842105	-33.7324
62.8157894736842	-33.8997
62.8421052631579	-33.9116
62.8684210526315	-33.6061
62.8947368421052	-33.8533
62.9210526315789	-33.9585
62.9473684210526	-34.0653
62.9736842105263	-34.1337
63	-34.3057
63.0261904761904	-34.2846
63.0523809523809	-34.0588
63.0785714285714	-33.7713
63.1047619047619	-33.5646
63.1309523809523	-33.3032
63.1571428571428	-33.0088
63.1833333333333	-32.6906
63.2095238095238	-32.3073
63.2357142857142	-32.4154
63.2619047619047	-32.253
63.2880952380952	-32.3986
63.3142857142857	-32.6098
63.3404761904761	-33.2002
63.3666666666666	-33.6705
63.3928571428571	-34.1564
63.4190476190476	-34.5969
63.4452380952381	-34.8832
63.4714285714285	-34.7829
63.497619047619	-34.9175
63.5238095238095	-34.7996
63.55	-34.425
63.575	-34.5448
63.5999999999999	-34.528
63.625	-34.5022
63.65	-34.4906
63.675	-34.2558
63.7	-34.3261
63.725	-34.1869
63.75	-34.2842
63.775	-34.3453
63.8	-34.4186
63.825	-34.5619
63.85	-34.6504
63.875	-34.7384
63.9	-34.7724
63.925	-34.7182
63.95	-34.8481
63.975	-35.0051
64	-35.2122
64.027	-35.4546
64.054	-35.4881
64.081	-35.3427
64.108	-34.9692
64.135	-34.3638
64.162	-33.7506
64.189	-33.4178
64.216	-33.0185
64.243	-32.5551
64.27	-32.1124
64.297	-31.6071
64.324	-31.6629
64.351	-31.5939
64.378	-31.6577
64.405	-31.6276
64.432	-32.0225
64.459	-32.5151
64.486	-33.1888
64.513	-33.8207
64.54	-34.0705
64.5670588235294	-34.2895
64.5941176470588	-34.4218
64.6211764705882	-34.6748
64.6482352941176	-34.7393
64.675294117647	-34.7273
64.7023529411764	-34.7803
64.7294117647058	-35.0146
64.7564705882353	-35.163
64.7835294117647	-35.1849
64.8105882352941	-35.0201
64.8376470588235	-34.7337
64.8647058823529	-34.5952
64.8917647058823	-34.0994
64.9188235294117	-34.3149
64.9458823529411	-34.2646
64.9729411764705	-34.0603
65	-34.269
65.0261904761904	-34.1756
65.0523809523809	-33.9513
65.0785714285714	-33.8624
65.1047619047619	-33.7587
65.1309523809523	-33.5597499999999
65.1571428571428	-33.3608
65.1833333333333	-33.3231
65.2095238095238	-33.247
65.2357142857142	-33.2061
65.2619047619047	-32.8839
65.2880952380952	-32.7828
65.3142857142857	-32.502
65.3404761904762	-32.3208
65.3666666666666	-32.2461
65.3928571428571	-32.1637
65.4190476190476	-32.3496
65.4452380952381	-32.4784
65.4714285714285	-32.7552
65.497619047619	-33.2372
65.5238095238095	-33.6972
65.55	-34.2707
65.5764705882353	-34.4267
65.6029411764705	-34.526
65.6294117647058	-34.3497
65.6558823529411	-34.4488
65.6823529411764	-34.2015
65.7088235294117	-33.7123
65.735294117647	-34.5372
65.7617647058823	-34.5443
65.7882352941176	-34.5809
65.8147058823529	-34.7943
65.8411764705882	-34.7186
65.8676470588235	-34.5839
65.8941176470588	-34.6852
65.9205882352941	-34.7733
65.9470588235294	-34.7174
65.9735294117647	-34.8065
66	-35.1104
66.0239130434782	-35.5777
66.0478260869565	-35.4346
66.0717391304347	-35.7543
66.095652173913	-35.6507
66.1195652173913	-35.3387
66.1434782608695	-35.105
66.1673913043478	-34.819
66.191304347826	-34.8463
66.2152173913043	-34.377
66.2391304347826	-34.3257
66.2630434782608	-34.1607
66.2869565217391	-34.1819
66.3108695652173	-33.7483
66.3347826086956	-33.5225
66.3586956521739	-33.5005
66.3826086956521	-33.3929
66.4065217391304	-33.1244
66.4304347826087	-33.0265
66.4543478260869	-32.4834
66.4782608695652	-32.016
66.5021739130434	-31.5674
66.5260869565217	-30.9499
66.55	-30.4396
66.575	-30.0435
66.5999999999999	-29.7744
66.625	-29.6815
66.6499999999999	-30.0443
66.675	-30.0789
66.7	-30.7941
66.7249999999999	-31.316
66.75	-32.5433
66.775	-33.6125
66.8	-34.2901
66.825	-34.73
66.8499999999999	-35.3871
66.875	-35.8966
66.9	-36.1017
66.925	-36.4063
66.95	-36.7625
66.9749999999999	-36.7166
67	-36.5887
67.0245454545454	-36.5479
67.0490909090909	-36.0676
67.0736363636363	-36.0142
67.0981818181818	-35.8144
67.1227272727272	-35.71
67.1472727272727	-35.5016
67.1718181818181	-35.2681
67.1963636363636	-34.9047
67.220909090909	-34.9068
67.2454545454545	-34.8401
67.27	-34.9006
67.2945454545454	-34.8028
67.3190909090909	-35.0609
67.3436363636363	-35.2954
67.3681818181818	-35.5493
67.3927272727272	-35.7158
67.4172727272727	-35.6893
67.4418181818181	-35.6159
67.4663636363636	-35.2528
67.4909090909091	-35.078
67.5154545454545	-34.8445
67.54	-35.0222
67.5655555555555	-35.1092
67.5911111111111	-34.9929
67.6166666666666	-34.6738
67.6422222222222	-35.1116
67.6677777777777	-34.8772
67.6933333333333	-34.3916
67.7188888888889	-34.2834
67.7444444444444	-34.8704
67.77	-34.8545
67.7955555555555	-34.9509
67.8211111111111	-34.5887
67.8466666666666	-35.0809
67.8722222222222	-35.8643
67.8977777777777	-35.579
67.9233333333333	-36.1106
67.9488888888888	-36.2789
67.9744444444444	-36.1152
68	-35.3335
68.025	-35.2155
68.05	-35.2045
68.075	-34.7524
68.0999999999999	-35.0357
68.125	-34.6829
68.15	-33.7637
68.175	-34.0278
68.2	-33.4976
68.2249999999999	-33.0425
68.25	-32.1702
68.275	-31.7259
68.3	-31.1408
68.325	-30.8669
68.3499999999999	-30.3569
68.375	-30.1802
68.3999999999999	-30.1372
68.425	-30.2427
68.45	-29.9705
68.4749999999999	-30.6839
68.5	-32.1719
68.5249999999999	-33.3149
68.55	-34.3519
68.576923076923	-35.2876
68.6038461538461	-35.5474
68.6307692307692	-36.2144
68.6576923076923	-35.8225999999999
68.6846153846153	-35.4308
68.7115384615384	-34.9952
68.7384615384615	-34.4865
68.7653846153846	-33.7326
68.7923076923077	-32.46115
68.8192307692307	-31.1897
68.8461538461538	-31.4057
68.8730769230769	-31.6889
69	-31.4975
69.0257142857142	-31.50245
69.0514285714285	-31.5074
69.0771428571428	-31.8608
69.1028571428571	-31.5158
69.1285714285714	-31.8149
69.1542857142857	-31.90745
69.18	-32
69.2057142857142	-32.4277
69.2314285714285	-33.2765
69.2571428571428	-34.1253
69.2828571428571	-34.19185
69.3085714285714	-34.2584
69.3342857142857	-33.62545
69.36	-32.9925
69.3857142857142	-32.8832
69.4114285714285	-33.0657
69.4371428571428	-33.2482
69.4628571428571	-33.5068
69.4885714285714	-33.4455
69.5142857142857	-34.8366
69.54	-34.9844
69.5670588235294	-35.3301
69.5941176470588	-35.2184
69.6211764705882	-35.1067
69.6482352941176	-34.995
69.675294117647	-33.5045
69.7023529411764	-33.3464285714285
69.7294117647058	-33.1883571428571
69.7564705882353	-33.0302857142857
69.7835294117647	-32.8722142857142
69.8105882352941	-32.7141428571428
69.8376470588235	-32.5560714285714
69.8647058823529	-32.398
69.8917647058823	-32.762875
69.9188235294117	-33.12775
69.9458823529411	-33.492625
69.9729411764705	-33.8575
70	-33.84435
70.0245454545454	-33.8312
70.0490909090909	-33.7899
70.0736363636363	-33.8391
70.0981818181818	-33.4027
70.1227272727272	-33.63735
70.1472727272727	-33.872
70.1718181818181	-33.2918
70.1963636363636	-33.0863
70.220909090909	-33.911
70.2454545454545	-33.6602
70.27	-33.5392
70.2945454545454	-33.40365
70.3190909090909	-33.2681
70.3436363636363	-33.2698
70.3681818181818	-33.4148
70.3927272727272	-33.7144
70.4172727272727	-34.014
70.4418181818181	-34.6
70.4663636363636	-34.7781
70.4909090909091	-35.6883
70.5154545454545	-35.7661
70.54	-35.9652
70.5642105263157	-36.0325
70.5884210526315	-36.068
70.6126315789473	-36.1581999999999
70.6368421052631	-36.2484
70.6610526315789	-36.0587
70.6852631578947	-35.23225
70.7094736842105	-34.4058
70.7336842105263	-34.9941
70.7578947368421	-34.5613
70.7821052631579	-34.1903
70.8063157894736	-33.8953
70.8305263157894	-33.6232
70.8547368421052	-33.3511
70.878947368421	-33.3711
70.9031578947368	-33.4811
70.9273684210526	-33.6336
70.9515789473684	-33.9955
70.9757894736842	-34.3574
71	-34.7193
71.0261904761904	-35.3517
71.0523809523809	-35.9803
71.0785714285714	-36.4978
71.1047619047619	-36.7785
71.1309523809523	-36.8876
71.1571428571428	-37.0703333333333
71.1833333333333	-37.2530666666666
71.2095238095238	-37.4358
71.2357142857142	-37.407
71.2619047619047	-37.3782
71.2880952380952	-36.6534
71.3142857142857	-36.6265
71.3404761904762	-36.5996
71.3666666666666	-36.3317
71.3928571428571	-36.2936
71.4190476190476	-35.9831
71.4452380952381	-36.26825
71.4714285714285	-36.5534
71.497619047619	-36.8188
71.5238095238095	-36.9695
71.55	-36.7571333333333
71.5736842105263	-36.5447666666666
71.5973684210526	-36.3324
71.6210526315789	-35.7475
71.6447368421052	-35.4863
71.6684210526315	-35.3960333333333
71.6921052631579	-35.3057666666666
71.7157894736842	-35.2155
71.7394736842105	-35.1252333333333
71.7631578947368	-35.0349666666666
71.7868421052631	-34.9447
71.8105263157894	-35.1239
71.8342105263157	-35.3031
71.8578947368421	-35.26606
71.8815789473684	-35.22902
71.9052631578947	-35.19198
71.928947368421	-35.15494
71.9526315789473	-35.1179
71.9763157894736	-34.7477333333333
72	-34.3775666666666
72.0261904761904	-34.0074
72.0523809523809	-33.38975
72.0785714285714	-32.7721
72.1047619047619	-32.4018
72.1309523809523	-32.4543
72.1571428571428	-31.8415
72.1833333333333	-31.9475
72.2095238095238	-31.684
72.2357142857142	-31.4765
72.2619047619047	-31.2678
72.2880952380952	-31.2395
72.3142857142857	-31.2112
72.3404761904762	-31.19075
72.3666666666666	-31.1703
72.3928571428571	-31.3735
72.4190476190476	-31.6009
72.4452380952381	-31.7754
72.4714285714285	-32.4023
72.497619047619	-32.4318
72.5238095238095	-32.6218
72.55	-32.66
72.5736842105263	-32.7239
72.5973684210526	-32.4485
72.6210526315789	-33.0898
72.6447368421052	-33.549
72.6684210526315	-33.4726
72.6921052631579	-33.6491
72.7157894736842	-34.2644
72.7394736842105	-34.4625
72.7631578947368	-34.0335
72.7868421052631	-34.2769
72.8105263157894	-34.0194
72.8342105263157	-33.5441
72.8578947368421	-33.4325
72.8815789473684	-33.3209
72.9052631578947	-33.4909
72.928947368421	-33.7246
72.9526315789473	-33.6143
72.9763157894736	-33.504
73	-33.3937
73.0261904761904	-33.35915
73.0523809523809	-33.3246
73.0785714285714	-33.5297
73.1047619047619	-33.6231
73.1309523809523	-33.7165
73.1571428571428	-33.3636
73.1833333333333	-33.3062
73.2095238095238	-33.7282
73.2357142857142	-33.1489
73.2619047619047	-33.3701
73.2880952380952	-33.0486
73.3142857142857	-32.9357
73.3404761904762	-32.6624
73.3666666666666	-32.8409
73.3928571428571	-32.8933
73.4190476190476	-33.0485
73.4452380952381	-32.9912499999999
73.4714285714285	-32.934
73.497619047619	-33.8262
73.5238095238095	-33.7624
73.55	-33.6658
73.575	-33.8431
73.5999999999999	-33.6531
73.625	-33.59115
73.6499999999999	-33.5292
73.675	-32.9802
73.7	-32.8919
73.7249999999999	-33.0094
73.75	-31.7154
73.775	-32.2235
73.8	-32.191
73.825	-31.5839
73.8499999999999	-31.5143
73.875	-30.964
73.9	-30.7254
73.925	-30.396
73.95	-31.0215
73.9749999999999	-30.9777
74	-31.448
74.0239130434782	-31.3997
74.0478260869565	-31.7875
74.0717391304347	-32.5794
74.095652173913	-33.0714
74.1195652173913	-34.0686
74.1434782608695	-34.7626
74.1673913043478	-35.0932
74.191304347826	-34.5872
74.2152173913043	-35.0871
74.2391304347826	-34.7787
74.2630434782608	-34.6352
74.2869565217391	-34.2
74.3108695652173	-34.1357
74.3347826086956	-34.1732
74.3586956521739	-34.0231
74.3826086956521	-34.4965
74.4065217391304	-34.6201
74.4304347826087	-34.6726
74.4543478260869	-34.6342
74.4782608695652	-34.7269
74.5021739130434	-34.6495
74.5260869565217	-34.4779
74.55	-34.3635
74.5764705882353	-34.2772
74.6029411764705	-34.3581
74.6294117647058	-34.1234
74.6558823529411	-33.8887
74.6823529411764	-33.6559
74.7088235294117	-33.3205
74.735294117647	-33.2502
74.7617647058823	-33.5086
74.7882352941176	-33.0779
74.8147058823529	-33.0778
74.8411764705882	-32.8798
74.8676470588235	-32.83
74.8941176470588	-32.4373
74.9205882352941	-32.7422
74.9470588235294	-32.5767
74.9735294117647	-32.9312
75	-33.8081
75.0245454545454	-34.4428
75.0490909090909	-34.6375
75.0736363636363	-34.7535
75.0981818181818	-34.8078
75.1227272727272	-34.5921
75.1472727272727	-34.2811
75.1718181818181	-33.8153
75.1963636363636	-33.5214
75.220909090909	-33.4789
75.2454545454545	-33.4627
75.27	-33.4047
75.2945454545454	-33.1677
75.3190909090909	-32.9307
75.3436363636363	-33.1877
75.3681818181818	-32.9905
75.3927272727272	-33.3356
75.4172727272727	-33.2918
75.4418181818181	-33.8118
75.4663636363636	-34.2144
75.4909090909091	-34.6951
75.5154545454545	-34.8462
75.54	-35.0682
75.5655555555555	-35.1195
75.5911111111111	-35.4174
75.6166666666666	-35.30895
75.6422222222222	-35.2005
75.6677777777777	-35.0814
75.6933333333333	-34.9198
75.7188888888889	-34.2188
75.7444444444444	-33.9017
75.77	-33.9657
75.7955555555555	-33.647
75.8211111111111	-33.3841
75.8466666666666	-33.0623
75.8722222222222	-33.5288
75.8977777777777	-33.5088
75.9233333333333	-34.0104
75.9488888888888	-34.2245
75.9744444444444	-34.3806
76	-35.34
76.0999999999999	-34.99
76.2	-35.51
76.3	-35.4
76.4	-35.66
76.5	-34.03
76.5999999999999	-33.04
76.7	-33.93
76.8	-31.9
76.9	-32.165
77	-32.43
77.0999999999999	-32.81
77.2	-32.73
77.3	-32.23
77.4	-32.15
77.5	-33.14
77.5999999999999	-34.64
77.7	-35.63
77.8	-35.28
77.9	-35.68
78	-34.98
78.0999999999999	-34.74
78.2	-34.35
78.3	-34.11
78.4	-34.29
78.5	-35.18
78.5999999999999	-35.48
78.7	-35.315
78.8	-35.15
78.9	-35.45
79	-34.06
79.0999999999999	-32.14
79.2	-31.63
79.3	-31.77
79.4	-31.68
79.5	-32.05
79.5999999999999	-32.94
79.7	-33.09
79.8	-35.0475
79.9	-35.71
80	-34.49
80.0999999999999	-33.81
80.2	-35.14
80.3	-36.07
80.4	-35.68
80.5	-35.21
80.5999999999999	-34.86
80.7	-34.48
80.8	-33.78
80.9	-33.94
81	-33.17
81.0999999999999	-33.68
81.2	-33.81
81.3	-33.13
81.4	-34.69
81.5	-34.42
81.5999999999999	-33.73
81.7	-34.7
81.8	-35.37
81.9	-35.69
82	-34.39
82.0999999999999	-34.16
82.2	-33.3
82.3	-33.13
82.4	-32.82
82.5	-32.72
82.5999999999999	-34.05
82.7	-35.99
82.8	-35.42
82.9	-34.2
83	-34.33
83.0999999999999	-33.32
83.2	-33.17
83.3	-33.39
83.4	-33.8
83.5	-34.58
83.5999999999999	-34.51
83.7	-34.45
83.8	-33.68
83.9	-33.88
84	-34.93
84.0999999999999	-35.21
84.2	-32.3
84.3	-31.05
84.4	-33
84.5	-34.47
84.5999999999999	-34.56
84.7	-35.43
84.8	-36.56
84.9	-36.83
85	-34.13
85.0999999999999	-33.69
85.2	-33
85.3	-32.94
85.4	-33.54
85.5	-34.08
85.5999999999999	-32.13
85.7	-30.9
85.8	-32.235
85.9	-33.57
86	-33.2
86.0999999999999	-33.85
86.2	-34.5
86.3	-33.94
86.4	-32.37
86.5	-31.21
86.5999999999999	-31.94
86.7	-32.37
86.8	-33.32
86.9	-34.27
87	-34.03
87.0999999999999	-34.94
87.2	-33.5
87.3	-32.33
87.4	-32.36
87.5	-33.2
87.5999999999999	-34.18
87.7	-33.47
87.8	-32.69
87.9	-32.15
88	-32.87
88.0999999999999	-32.59
88.2	-33.14
88.3	-35.65
88.4	-34.3
88.5	-32.73
88.5999999999999	-32.59
88.7	-33.14
88.8	-32.97
88.9	-33.45
89	-34.16
89.0999999999999	-34.57
89.2	-32.87
89.3	-34.5
89.4	-34.32
89.5	-34.14
89.5999999999999	-34.73
89.7	-31.92
89.8	-33.24
89.9	-33.04
90	-31.94
90.0999999999999	-31.46
90.2	-32.78
90.3	-34.15
90.4	-34.55
90.5	-34.03
90.5999999999999	-33.94
90.7	-33.44
90.8	-32.32
90.9	-32.19
91	-31.99
91.0999999999999	-32.58
91.2	-31.55
91.3	-32.64
91.4	-33.57
91.5	-34.5
91.5999999999999	-33.54
91.7	-32.55
91.8	-32.78
91.9	-33.325
92	-33.87
92.0999999999999	-33.31
92.2	-34.15
92.3	-35.23
92.4	-35.0849999999999
92.5	-34.94
92.5999999999999	-34.92
92.7	-32.91
92.8	-32.22
92.9	-32.87
93	-32.38
93.0999999999999	-33.31
93.2	-34.03
93.3	-33.85
93.4	-34.9
93.5	-37.08
93.5999999999999	-37.12
93.7	-37.16
93.8	-36.12
93.9	-34.07
94	-33.73
94.0999999999999	-34.09
94.2	-33.5
94.3	-33.22
94.4	-34.48
94.5	-34.64
94.5999999999999	-33.7
94.7	-33.91
94.8	-34.55
94.9	-34.55
95	-34.81
95.0999999999999	-33.06
95.2	-33.28
95.3	-34.59
95.4	-35.14
95.5	-33.98
95.5999999999999	-33.22
95.7	-32.81
95.8	-31.42
95.9	-32.03
96	-35.31
96.0999999999999	-36.55
96.2	-34.74
96.3	-32.87
96.4	-31.95
96.5	-31.36
96.5999999999999	-31.67
96.7	-33.46
96.8	-34.14
96.9	-34.18
97	-32.98
97.0999999999999	-32.03
97.2	-32.54
97.3	-31.93
97.4	-30.76
97.5	-31.51
97.5999999999999	-32.83
97.7	-33.38
97.8	-33.29
97.9	-31.69
98	-31.7
98.0999999999999	-34.06
98.2	-35.04
98.3	-35.44
98.4	-36.13
98.5	-35.71
98.5999999999999	-34.42
98.7	-32.76
98.8	-32.37
98.9	-33.52
99	-34.98
99.0999999999999	-35.3
99.2	-33.72
99.3	-33.7
99.4	-33.39
99.5	-32.25
99.5999999999999	-32.41
99.7	-32.88
99.8	-33.6
99.9	-34.79
100	-33.79
100.103846153846	-35.2853
100.124615384615	-35.5163
100.145384615384	-35.5227
100.166153846153	-35.534
100.186923076923	-35.2676
100.207692307692	-35.1116
100.228461538461	-34.6573
100.24923076923	-34.3954
100.27	-33.8413
100.290769230769	-33.8846
100.311538461538	-33.7859
100.332307692307	-33.7508
100.353076923076	-33.7547
100.373846153846	-33.9052
100.394615384615	-34.0976
100.415384615384	-34.2724
100.436153846153	-34.9536
100.456923076923	-34.958
100.477692307692	-34.9585
100.498461538461	-34.4849
100.51923076923	-34.6092
100.54	-34.2696
100.560909090909	-34.1416
100.581818181818	-33.6824
100.602727272727	-33.8886
100.623636363636	-33.8185
100.644545454545	-33.8298
100.665454545454	-33.9925
100.686363636363	-34.2175
100.707272727272	-34.3969
100.728181818181	-34.3769
100.74909090909	-34.3112
100.77	-34.2427
100.790909090909	-34.1591
100.811818181818	-33.8899
100.832727272727	-33.869
100.853636363636	-33.7184
100.874545454545	-33.9207
100.895454545454	-34.0182
100.916363636363	-34.2279
100.937272727272	-34.5762
100.958181818181	-34.8153
100.97909090909	-35.117
101	-35.2338
101.024347826087	-35.7809
101.048695652173	-36.1585
101.07304347826	-36.344
101.097391304347	-36.7441
101.121739130434	-36.9236
101.146086956521	-37.0137
101.170434782608	-37.1786
101.194782608695	-37.499
101.219130434782	-37.3533
101.243478260869	-37.9331
101.267826086956	-37.6354
101.292173913043	-37.0643
101.31652173913	-36.8713
101.340869565217	-36.9261
101.365217391304	-36.6216
101.389565217391	-37.065
101.413913043478	-36.9915
101.438260869565	-36.9143
101.462608695652	-36.3482
101.486956521739	-36.105
101.511304347826	-35.7156
101.535652173913	-35.2795
101.56	-34.6365
101.582	-34.3384
101.604	-34.1995
101.626	-34.0008
101.648	-33.8702
101.67	-33.6737
101.692	-33.6411
101.714	-33.4417
101.736	-33.3779
101.758	-33.242
101.78	-33.2184
101.802	-33.3215
101.824	-33.3132
101.846	-34.1101
101.868	-35.2417
101.89	-35.9348
101.912	-35.7081
101.934	-35.4751
101.956	-35.1656
101.978	-34.8524
102	-34.6711
102.022222222222	-34.1933
102.044444444444	-34.2259
102.066666666666	-33.4615
102.088888888888	-33.2504
102.111111111111	-32.8174
102.133333333333	-32.6476
102.155555555555	-32.2392
102.177777777777	-32.1096
102.2	-31.6557
102.2216	-31.721
102.2432	-31.8427
102.2648	-32.3707
102.2864	-32.9635
102.308	-33.5174
102.3296	-33.7853
102.3512	-34.2094
102.3728	-34.6098
102.3944	-34.8965
102.416	-34.9164
102.4376	-35.57
102.4592	-35.4902
102.4808	-35.4378
102.5024	-35.3319
102.524	-34.7581
102.5456	-35.0836
102.5672	-34.9795
102.5888	-34.9384
102.6104	-34.8373
102.632	-34.8143
102.6536	-34.7102
102.6752	-34.5911
102.6968	-34.5304
102.7184	-34.302
102.74	-33.673
102.761904761904	-33.9338
102.783809523809	-33.5465
102.805714285714	-33.5032
102.827619047619	-33.701
102.849523809523	-33.2219
102.871428571428	-33.3937
102.893333333333	-33.1564
102.915238095238	-32.9181
102.937142857142	-32.7214
102.959047619047	-32.688
102.980952380952	-32.7949
103	-33.0495
103.021153846153	-33.1368
103.042307692307	-33.6785
103.063461538461	-33.7625
103.084615384615	-33.4841
103.105769230769	-33.5356
103.126923076923	-33.2262
103.148076923076	-33.5245
103.16923076923	-33.4286
103.190384615384	-33.3772
103.211538461538	-33.2107
103.232692307692	-33.5767
103.253846153846	-34.0241
103.275	-34.5728
103.296153846153	-34.5371333333333
103.317307692307	-34.5014666666666
103.338461538461	-34.4658
103.359615384615	-34.6222
103.380769230769	-34.294
103.401923076923	-34.2082
103.423076923076	-33.7982
103.44423076923	-33.7578
103.465384615384	-33.5726
103.486538461538	-33.7583
103.507692307692	-34.2062
103.528846153846	-34.2855
103.55	-34.2561
103.5725	-34.2267
103.595	-34.1973
103.6175	-34.1679
103.64	-34.34025
103.6625	-34.5126
103.685	-34.7201
103.7075	-34.9526
103.73	-35.037
103.7525	-34.9672
103.775	-34.80695
103.7975	-34.6467
103.82	-34.4797
103.8425	-34.41
103.865	-33.9746
103.8875	-33.9041
103.91	-34.3192
103.9325	-34.2161
103.955	-34.04595
103.9775	-33.8758
104	-33.5101
104.0216	-33.3383
104.0432	-33.1349
104.0648	-32.9315
104.0864	-32.9034
104.108	-32.8965
104.1296	-32.5118
104.1512	-32.9656
104.1728	-33.01
104.1944	-33.1239
104.216	-33.2378
104.2376	-33.5786
104.2592	-33.57745
104.2808	-33.5763
104.3024	-33.57515
104.324	-33.574
104.3456	-33.9999
104.3672	-34.0241
104.3888	-33.7855
104.4104	-34.2434
104.432	-33.9091
104.4536	-34.0876
104.4752	-34.3975
104.4968	-34.2786
104.5184	-34.0242
104.54	-33.454
104.560909090909	-33.2315
104.581818181818	-32.8851
104.602727272727	-32.7164
104.623636363636	-32.6374
104.644545454545	-32.4666
104.665454545454	-32.2958
104.686363636363	-32.69105
104.707272727272	-33.0863
104.728181818181	-33.1569
104.74909090909	-33.1969
104.77	-32.7677
104.790909090909	-32.5917
104.811818181818	-32.9904
104.832727272727	-33.1691
104.853636363636	-33.0848
104.874545454545	-33.099
104.895454545454	-32.5019
104.916363636363	-32.6927
104.937272727272	-32.42255
104.958181818181	-32.1524
104.97909090909	-31.9599
105	-31.9118
105.0216	-31.8695
105.0432	-31.8265
105.0648	-32.0131
105.0864	-31.7211
105.108	-32.0317
105.1296	-32.0909
105.1512	-31.7604
105.1728	-31.9646
105.1944	-31.3931
105.216	-31.4477
105.2376	-31.5522
105.2592	-31.69135
105.2808	-31.8305
105.3024	-32.3873
105.324	-32.5753
105.3456	-32.8376
105.3672	-33.11475
105.3888	-33.3919
105.4104	-33.6893
105.432	-33.8462
105.4536	-34.069
105.4752	-34.1538
105.4968	-34.2707
105.5184	-34.7952
105.54	-34.6595
105.560909090909	-34.5238
105.581818181818	-34.5519
105.602727272727	-34.8717
105.623636363636	-34.4162
105.644545454545	-34.3657
105.665454545454	-34.3125
105.686363636363	-34.395
105.707272727272	-34.7494
105.728181818181	-34.5944
105.74909090909	-34.1527
105.77	-34.1816
105.790909090909	-33.3851
105.811818181818	-32.8636
105.832727272727	-32.566
105.853636363636	-32.3336
105.874545454545	-32.6175
105.895454545454	-32.5054
105.916363636363	-32.256
105.937272727272	-32.5268
105.958181818181	-33.0463
105.97909090909	-33.2483
106	-33.3232
106.021153846153	-33.3261
106.042307692307	-32.9504
106.063461538461	-33.4091
106.084615384615	-33.3999
106.105769230769	-33.565
106.126923076923	-33.8817
106.148076923076	-33.9202
106.16923076923	-33.6894
106.190384615384	-33.65465
106.211538461538	-33.6199
106.232692307692	-33.4143
106.253846153846	-32.5875
106.275	-32.7003
106.296153846153	-32.0788
106.317307692307	-32.4065
106.338461538461	-32.3651
106.359615384615	-32.4472
106.380769230769	-32.8119
106.401923076923	-32.9437
106.423076923076	-33.2058
106.44423076923	-33.4191
106.465384615384	-33.4768
106.486538461538	-33.1937
106.507692307692	-33.4361
106.528846153846	-33.8366
106.55	-33.5894
106.571428571428	-34.1111499999999
106.592857142857	-34.6329
106.614285714285	-34.9505
106.635714285714	-34.9662
106.657142857142	-34.9625
106.678571428571	-34.8638
106.7	-34.397
106.721428571428	-34.6868
106.742857142857	-34.4078
106.764285714285	-34.2028
106.785714285714	-33.9723
106.807142857142	-33.7454
106.828571428571	-33.6236
106.85	-33.598
106.871428571428	-33.6186
106.892857142857	-33.6392
106.914285714285	-33.7303
106.935714285714	-33.6405
106.957142857142	-34.4223
106.978571428571	-35.1782
107	-36.0719
107.020769230769	-36.2501
107.041538461538	-37.0884
107.062307692307	-37.2165
107.083076923076	-37.6467
107.103846153846	-37.5858
107.124615384615	-37.965
107.145384615384	-37.9927
107.166153846153	-37.8559
107.186923076923	-37.7845
107.207692307692	-37.6454
107.228461538461	-37.6221
107.24923076923	-37.2966
107.27	-36.87815
107.290769230769	-36.4597
107.311538461538	-36.9197
107.332307692307	-36.1826
107.353076923076	-36.41185
107.373846153846	-36.6411
107.394615384615	-36.5047
107.415384615384	-36.6009
107.436153846153	-36.4133
107.456923076923	-36.2499
107.477692307692	-35.7917
107.498461538461	-35.1058
107.51923076923	-34.5947
107.54	-34.0921
107.561904761904	-33.5158
107.583809523809	-32.7552
107.605714285714	-32.7384
107.627619047619	-32.5018
107.649523809523	-31.9461
107.671428571428	-32.5558
107.693333333333	-32.5437
107.715238095238	-32.5322
107.737142857142	-32.425
107.759047619047	-32.2114
107.780952380952	-32.0973
107.802857142857	-32.2636
107.824761904761	-32.2974
107.846666666666	-32.5074
107.868571428571	-32.8927999999999
107.890476190476	-33.2782
107.912380952381	-34.0351
107.934285714285	-34.5391
107.95619047619	-34.8093
107.978095238095	-34.9147
108	-34.6644
108.021153846153	-34.2281
108.042307692307	-34.4506
108.063461538461	-33.7571
108.084615384615	-33.8717
108.105769230769	-33.0844
108.126923076923	-33.0463
108.148076923076	-32.8584
108.16923076923	-32.979
108.190384615384	-32.4208
108.211538461538	-32.6632
108.232692307692	-32.2301
108.253846153846	-32.2604
108.275	-31.4267
108.296153846153	-32.1721
108.317307692307	-32.3115
108.338461538461	-32.5015
108.359615384615	-32.5239
108.380769230769	-32.58
108.401923076923	-32.2211
108.423076923076	-31.9525
108.44423076923	-32.0451
108.465384615384	-31.8971
108.486538461538	-31.532
108.507692307692	-30.8715
108.528846153846	-31.4564
108.55	-30.8547
108.571428571428	-31.4235
108.592857142857	-31.8557
108.614285714285	-32.0509
108.635714285714	-32.272
108.657142857142	-32.6872
108.678571428571	-33.0519
108.7	-34.1071
108.721428571428	-34.9618
108.742857142857	-34.9583
108.764285714285	-35.0116
108.785714285714	-34.7635
108.807142857142	-34.3104
108.828571428571	-34.1374
108.85	-33.9644
108.871428571428	-33.7962
108.892857142857	-33.8565
108.914285714285	-34.1587
108.935714285714	-34.691
108.957142857142	-35.1152
108.978571428571	-35.3614
109	-36.0684
109.020769230769	-36.6653
109.041538461538	-37.0916
109.062307692307	-36.9659
109.083076923076	-36.9573
109.103846153846	-36.6653
109.124615384615	-36.3468
109.145384615384	-36.0051
109.166153846153	-36.1028
109.186923076923	-35.674
109.207692307692	-35.3452
109.228461538461	-35.2616
109.24923076923	-35.0922
109.27	-34.822
109.290769230769	-34.8263
109.311538461538	-34.4251
109.332307692307	-34.262
109.353076923076	-34.3486
109.373846153846	-34.201
109.394615384615	-34.1423
109.415384615384	-34.3043
109.436153846153	-34.4623
109.456923076923	-34.6268
109.477692307692	-34.7026
109.498461538461	-34.8351
109.51923076923	-34.8174
109.54	-34.5324
109.561904761904	-34.5557
109.583809523809	-34.2411
109.605714285714	-34.4285
109.627619047619	-34.218
109.649523809523	-34.3026
109.671428571428	-34.3776
109.693333333333	-34.5
109.715238095238	-34.7514
109.737142857142	-34.9224
109.759047619047	-34.4513
109.780952380952	-34.8159
109.802857142857	-34.8367
109.824761904761	-34.7129
109.846666666666	-34.6073
109.868571428571	-34.5201
109.890476190476	-34.2884
109.912380952381	-33.9436
109.934285714285	-33.9578
109.95619047619	-33.8008
109.978095238095	-33.76
110	-34.55
110.1	-35.07
110.2	-33.29
110.3	-32.05
110.4	-32.79
110.5	-33.53
110.6	-33.68
110.7	-33.67
110.8	-34.53
110.9	-34.61
111	-34.42
111.1	-34.13
111.2	-33.78
111.3	-33.82
111.4	-34.86
111.5	-35.59
111.6	-35.14
111.7	-35.16
111.8	-36.34
111.9	-35.2
112	-34.02
112.1	-33.89
112.2	-34.33
112.3	-31.95
112.4	-31.05
112.5	-32.46
112.6	-34.24
112.7	-34.46
112.8	-34.95
112.9	-34.84
113	-34.28
113.1	-34.28
113.2	-33.09
113.3	-33.5
113.4	-34.39
113.5	-34.95
113.6	-34.92
113.7	-35.2
113.8	-35.66
113.9	-36.12
114	-36.58
114.1	-34.98
114.2	-32.84
114.3	-32.9
114.4	-33.55
114.5	-33.88
114.6	-35.43
114.7	-35.56
114.8	-35.7
114.9	-34.89
115	-34.3
115.1	-33.99
115.2	-34.36
115.3	-33.72
115.4	-33.07
115.5	-33.17
115.6	-33.24
115.7	-33.29
115.8	-33.26
115.9	-33.91
116	-34.5
116.1	-34.7
116.2	-35.38
116.3	-35.63
116.4	-35.55
116.5	-35.29
116.6	-34.87
116.7	-35.04
116.8	-35.81
116.9	-35.95
117	-36.21
117.1	-36.85
117.2	-35.31
117.3	-32.78
117.4	-32.78
117.5	-33.33
117.6	-33.53
117.7	-33.35
117.8	-32.71
117.92	-33.57
118.02	-33.67
118.11	-32.74
118.21	-32.88
118.3	-33.31
118.4	-32.44
118.5	-32.47
118.59	-32.63
118.69	-32.33
118.78	-32.54
118.88	-33.1
118.97	-32.13
119.07	-32.53
119.16	-34.7
119.26	-36.14
119.35	-34.54
119.44	-33.97
119.54	-33.69
119.63	-33.62

